research_company,communication_context,measure,pre_1_value,post_1_value,paired_change,pre_1_days_from_layoff,post_1_days_from_layoff,pre1_distance_gt_120_flag,prepared_core_membership,prepared_common_membership
Alphabet,prepared_management,fog_index,14.243538364712975,14.790007806401247,0.5464694416882718,-87,13,0,1,1
Amazon,prepared_management,fog_index,16.803793672214727,16.672896902416756,-0.13089676979797105,-20,78,0,1,1
Block,prepared_management,fog_index,14.681294078840589,15.241708005057877,0.5604139262172882,-89,23,0,1,1
Cisco,prepared_management,fog_index,15.416026596354463,14.974299602953728,-0.44172699340073507,-86,5,0,1,0
Coinbase,prepared_management,fog_index,13.03166159583865,13.491002528998113,0.45934093315946356,-35,56,0,1,1
Dell,prepared_management,fog_index,15.510399066126896,16.242584045201358,0.7321849790744626,-77,24,0,1,1
DocuSign,prepared_management,fog_index,15.769197091392233,15.702622567411602,-0.06657452398063057,-70,21,0,1,1
Dropbox,prepared_management,fog_index,15.94653674786592,15.33889921750411,-0.60763753036181,-83,8,0,1,1
IBM,prepared_management,fog_index,14.81017629770659,15.079597615499257,0.2694213177926663,-98,84,0,1,1
Intel,prepared_management,fog_index,16.648109869706627,16.43761894034478,-0.2104909293618462,-98,91,0,1,1
Lyft,prepared_management,fog_index,13.848504622998888,11.861950736808325,-1.9865538861905634,-71,13,0,1,1
Meta,prepared_management,fog_index,14.345096760165257,14.644518054312147,0.29942129414689056,-14,84,0,1,1
Microsoft,prepared_management,fog_index,16.051101036222185,15.945241398873948,-0.105859637348237,-85,6,0,1,1
PayPal,prepared_management,fog_index,14.363258045519633,15.368310236969704,1.005052191450071,-90,8,0,1,1
SAP,prepared_management,fog_index,14.509025217879552,14.674586863464883,0.16556164558533126,-97,1,0,1,1
Salesforce,prepared_management,fog_index,14.315930407498536,15.445536415502488,1.129606008003952,-35,56,0,1,1
Shopify,prepared_management,fog_index,16.471054449176933,16.960615333719296,0.4895608845423638,-78,90,0,1,1
Spotify,prepared_management,fog_index,13.797614676607594,13.91979381443299,0.12217913782539647,-41,64,0,1,1
Twilio,prepared_management,fog_index,16.440552995391705,16.549631811487483,0.10907881609577785,-193,2,1,1,1
Zoom,prepared_management,fog_index,15.598642216606288,15.606218413535489,0.007576196929200307,-78,20,0,1,1
eBay,prepared_management,fog_index,16.147821976092388,16.676609229550404,0.5287872534580167,-77,35,0,1,1
Alphabet,prepared_management,lm_positive,0.0178704393149664,0.029047619047619,0.0111771797326526,-87,13,0,1,1
Amazon,prepared_management,lm_positive,0.021082621082621,0.0131509731720147,-0.0079316479106063,-20,78,0,1,1
Block,prepared_management,lm_positive,0.0269172168613509,0.0255033557046979,-0.001413861156653002,-89,23,0,1,1
Cisco,prepared_management,lm_positive,0.0222222222222222,0.0267727930535455,0.004550570831323302,-86,5,0,1,0
Coinbase,prepared_management,lm_positive,0.0173062452972159,0.017532252729077,0.00022600743186109926,-35,56,0,1,1
Dell,prepared_management,lm_positive,0.0195903829029385,0.0202171471359041,0.0006267642329655966,-77,24,0,1,1
DocuSign,prepared_management,lm_positive,0.0365296803652968,0.0312993993044577,-0.005230281060839101,-70,21,0,1,1
Dropbox,prepared_management,lm_positive,0.0212367270455965,0.0148546144121365,-0.0063821126334599985,-83,8,0,1,1
IBM,prepared_management,lm_positive,0.0179554011004923,0.0196721311475409,0.0017167300470485973,-98,84,0,1,1
Intel,prepared_management,lm_positive,0.0274154910833111,0.0290731145653425,0.0016576234820313979,-98,91,0,1,1
Lyft,prepared_management,lm_positive,0.0218700475435816,0.024628252788104,0.0027582052445223985,-71,13,0,1,1
Meta,prepared_management,lm_positive,0.0174086757990867,0.0253655625186511,0.007956886719564397,-14,84,0,1,1
Microsoft,prepared_management,lm_positive,0.0131451768799536,0.0149311615280201,0.0017859846480665006,-85,6,0,1,1
PayPal,prepared_management,lm_positive,0.0280392959476054,0.0259593679458239,-0.0020799280017815003,-90,8,0,1,1
SAP,prepared_management,lm_positive,0.0288461538461538,0.0317695961995249,0.0029234423533711015,-97,1,0,1,1
Salesforce,prepared_management,lm_positive,0.0258673783617327,0.033561805719688,0.0076944273579552976,-35,56,0,1,1
Shopify,prepared_management,lm_positive,0.0243755036261079,0.0271028037383177,0.002727300112209799,-78,90,0,1,1
Spotify,prepared_management,lm_positive,0.025177025963808,0.0264175257731958,0.001240499809387799,-41,64,0,1,1
Twilio,prepared_management,lm_positive,0.0241935483870967,0.0103092783505154,-0.013884270036581301,-193,2,1,1,1
Zoom,prepared_management,lm_positive,0.0230308613542146,0.0266047297297297,0.0035738683755151025,-78,20,0,1,1
eBay,prepared_management,lm_positive,0.0219490781387181,0.0235294117647058,0.001580333625987699,-77,35,0,1,1
Alphabet,prepared_management,lm_negative,0.0079424174733184,0.0061904761904761,-0.0017519412828423007,-87,13,0,1,1
Amazon,prepared_management,lm_negative,0.0085470085470085,0.0115728563913729,0.0030258478443644012,-20,78,0,1,1
Block,prepared_management,lm_negative,0.0055865921787709,0.0093959731543624,0.0038093809755915,-89,23,0,1,1
Cisco,prepared_management,lm_negative,0.004735883424408,0.0050651230101302,0.0003292395857222002,-86,5,0,1,0
Coinbase,prepared_management,lm_negative,0.0127915726109857,0.0105855110817069,-0.0022060615292788,-35,56,0,1,1
Dell,prepared_management,lm_negative,0.0093499554764024,0.0104829651815799,0.0011330097051775005,-77,24,0,1,1
DocuSign,prepared_management,lm_negative,0.0117416829745596,0.0082200442617767,-0.0035216387127828992,-70,21,0,1,1
Dropbox,prepared_management,lm_negative,0.0059337913803872,0.0097977243994943,0.0038639330191070995,-83,8,0,1,1
IBM,prepared_management,lm_negative,0.0060816681146828,0.0044709388971684,-0.0016107292175143997,-98,84,0,1,1
Intel,prepared_management,lm_negative,0.0063880755922278,0.0100748416810592,0.0036867660888314,-98,91,0,1,1
Lyft,prepared_management,lm_negative,0.0066561014263074,0.0051115241635687,-0.0015445772627386998,-71,13,0,1,1
Meta,prepared_management,lm_negative,0.0077054794520547,0.0110414801551775,0.0033360007031228,-14,84,0,1,1
Microsoft,prepared_management,lm_negative,0.0085057026870288,0.0118285825092107,0.0033228798221818998,-85,6,0,1,1
PayPal,prepared_management,lm_negative,0.0100286532951289,0.0054176072234762,-0.004611046071652701,-90,8,0,1,1
SAP,prepared_management,lm_negative,0.0054347826086956,0.0062351543942992,0.0008003717856035998,-97,1,0,1,1
Salesforce,prepared_management,lm_negative,0.0084171628002463,0.0070905223351453,-0.0013266404651010007,-35,56,0,1,1
Shopify,prepared_management,lm_negative,0.0048348106365834,0.0031775700934579,-0.0016572405431254998,-78,90,0,1,1
Spotify,prepared_management,lm_negative,0.004720692368214,0.0122422680412371,0.007521575673023099,-41,64,0,1,1
Twilio,prepared_management,lm_negative,0.0161290322580645,0.0025773195876288,-0.013551712670435699,-193,2,1,1,1
Zoom,prepared_management,lm_negative,0.0055274067250115,0.0076013513513513,0.0020739446263397998,-78,20,0,1,1
eBay,prepared_management,lm_negative,0.0070237050043898,0.0067538126361655,-0.0002698923682242999,-77,35,0,1,1
Alphabet,prepared_management,lm_uncertainty,0.003723008190618,0.0035714285714285,-0.0001515796191894998,-87,13,0,1,1
Amazon,prepared_management,lm_uncertainty,0.0159544159544159,0.0163072067332982,0.00035279077888230106,-20,78,0,1,1
Block,prepared_management,lm_uncertainty,0.005078720162519,0.0020134228187919,-0.0030652973437271,-89,23,0,1,1
Cisco,prepared_management,lm_uncertainty,0.0058287795992714,0.0065123010130246,0.0006835214137532004,-86,5,0,1,0
Coinbase,prepared_management,lm_uncertainty,0.019563581640331,0.0129010916308303,-0.006662490009500701,-35,56,0,1,1
Dell,prepared_management,lm_uncertainty,0.0097951914514692,0.0082366154998128,-0.0015585759516564008,-77,24,0,1,1
DocuSign,prepared_management,lm_uncertainty,0.0065231572080887,0.0072715776161871,0.0007484204080984002,-70,21,0,1,1
Dropbox,prepared_management,lm_uncertainty,0.0084322298563397,0.0142225031605562,0.0057902733042164995,-83,8,0,1,1
IBM,prepared_management,lm_uncertainty,0.0034752389226759,0.0032786885245901,-0.00019655039808579976,-98,84,0,1,1
Intel,prepared_management,lm_uncertainty,0.0069204152249134,0.0066206102475532,-0.0002998049773601996,-98,91,0,1,1
Lyft,prepared_management,lm_uncertainty,0.0126782884310618,0.0106877323420074,-0.0019905560890544002,-71,13,0,1,1
Meta,prepared_management,lm_uncertainty,0.0097031963470319,0.0089525514771709,-0.0007506448698610009,-14,84,0,1,1
Microsoft,prepared_management,lm_uncertainty,0.0100521940846704,0.010277292999806,0.00022509891513560094,-85,6,0,1,1
PayPal,prepared_management,lm_uncertainty,0.0079819893573475,0.0072234762979683,-0.0007585130593792009,-90,8,0,1,1
SAP,prepared_management,lm_uncertainty,0.0066889632107023,0.0092042755344418,0.002515312323739499,-97,1,0,1,1
Salesforce,prepared_management,lm_uncertainty,0.0073906795319236,0.0042543134010872,-0.0031363661308363997,-35,56,0,1,1
Shopify,prepared_management,lm_uncertainty,0.0056406124093473,0.0057943925233644,0.0001537801140171005,-78,90,0,1,1
Spotify,prepared_management,lm_uncertainty,0.006294256490952,0.0077319587628865,0.0014377022719345,-41,64,0,1,1
Twilio,prepared_management,lm_uncertainty,0.0,0.0257731958762886,0.0257731958762886,-193,2,1,1,1
Zoom,prepared_management,lm_uncertainty,0.0147397512666973,0.011402027027027,-0.0033377242396702995,-78,20,0,1,1
eBay,prepared_management,lm_uncertainty,0.0131694468832309,0.0141612200435729,0.0009917731603419997,-77,35,0,1,1
Alphabet,managerial_qa,fog_index,13.25801832181195,14.199546432517298,0.9415281107053488,-87,13,0,1,1
Amazon,managerial_qa,fog_index,11.076424292624916,13.383411029955203,2.3069867373302877,-20,78,0,1,1
Block,managerial_qa,fog_index,14.340226139560848,13.935162157260391,-0.40506398230045626,-89,23,0,1,1
Cisco,managerial_qa,fog_index,11.129093279956436,11.465625220488512,0.33653194053207613,-86,5,0,1,0
Coinbase,managerial_qa,fog_index,12.06825980061844,12.322839453227994,0.2545796526095536,-35,56,0,1,1
Dell,managerial_qa,fog_index,11.605359406119865,11.371817763460657,-0.2335416426592083,-77,24,0,1,1
DocuSign,managerial_qa,fog_index,11.849707280460343,12.358580059728444,0.5088727792681009,-70,21,0,1,1
DoorDash,managerial_qa,fog_index,13.593525749237154,12.75821401393514,-0.8353117353020139,-27,78,0,0,0
Dropbox,managerial_qa,fog_index,13.50438596491228,13.895549319672398,0.391163354760117,-83,8,0,1,1
IBM,managerial_qa,fog_index,10.889266693682185,11.37884662855843,0.48957993487624485,-98,84,0,1,1
Intel,managerial_qa,fog_index,11.288144447222214,11.584874293135684,0.29672984591346996,-98,91,0,1,1
Lyft,managerial_qa,fog_index,10.47058192563719,9.74536827541304,-0.7252136502241484,-71,13,0,1,1
Meta,managerial_qa,fog_index,13.142921601804852,12.815511578403257,-0.32741002340159575,-14,84,0,1,1
Microsoft,managerial_qa,fog_index,11.464010790802725,11.99988540870894,0.5358746179062148,-85,6,0,1,1
PayPal,managerial_qa,fog_index,11.766158754606964,12.73493248045487,0.968773725847905,-90,8,0,1,1
SAP,managerial_qa,fog_index,12.110666878483308,12.517805451898136,0.4071385734148283,-97,1,0,1,1
Salesforce,managerial_qa,fog_index,11.90238606734284,11.139103310909844,-0.7632827564329965,-35,56,0,1,1
Shopify,managerial_qa,fog_index,12.010827596801686,12.22585736354274,0.21502976674105412,-78,90,0,1,1
Snap,managerial_qa,fog_index,15.47495071148199,15.16889251095243,-0.30605820052955934,-41,50,0,0,0
Spotify,managerial_qa,fog_index,11.775133149059531,12.130751444483302,0.35561829542377055,-41,64,0,1,1
Twilio,managerial_qa,fog_index,12.21513096504627,12.288628801216309,0.0734978361700378,-193,2,1,1,1
Zoom,managerial_qa,fog_index,11.990410339709138,11.162598238648432,-0.8278121010607062,-78,20,0,1,1
eBay,managerial_qa,fog_index,12.734472934472937,13.777529336346152,1.0430564018732156,-77,35,0,1,1
Alphabet,managerial_qa,lm_positive,0.0223823975720789,0.025716694772344,0.0033342972002650996,-87,13,0,1,1
Amazon,managerial_qa,lm_positive,0.0203832042397064,0.0120481927710843,-0.0083350114686221,-20,78,0,1,1
Block,managerial_qa,lm_positive,0.0183615819209039,0.0180128934395146,-0.0003486884813892997,-89,23,0,1,1
Cisco,managerial_qa,lm_positive,0.0145316342499441,0.0118647862099843,-0.0026668480399598005,-86,5,0,1,0
Coinbase,managerial_qa,lm_positive,0.0129356262364936,0.0126924677486475,-0.00024315848784609885,-35,56,0,1,1
Dell,managerial_qa,lm_positive,0.0133333333333333,0.0147058823529411,0.0013725490196078004,-77,24,0,1,1
DocuSign,managerial_qa,lm_positive,0.0178050204319906,0.0208903257896045,0.0030853053576139003,-70,21,0,1,1
DoorDash,managerial_qa,lm_positive,0.0168123739071956,0.0202550637659414,0.0034426898587458024,-27,78,0,0,0
Dropbox,managerial_qa,lm_positive,0.0191666666666666,0.0216986980781153,0.002532031411448702,-83,8,0,1,1
IBM,managerial_qa,lm_positive,0.0112753695815585,0.0112618377271563,-1.353185440219895e-05,-98,84,0,1,1
Intel,managerial_qa,lm_positive,0.0257655755015839,0.0222777904069106,-0.003487785094673297,-98,91,0,1,1
Lyft,managerial_qa,lm_positive,0.0153009180550833,0.0107430617726051,-0.0045578562824782,-71,13,0,1,1
Meta,managerial_qa,lm_positive,0.0179738562091503,0.0190089705254164,0.0010351143162661003,-14,84,0,1,1
Microsoft,managerial_qa,lm_positive,0.0193021529324424,0.0125811688311688,-0.0067209841012736,-85,6,0,1,1
PayPal,managerial_qa,lm_positive,0.0338192419825072,0.0309168443496801,-0.0029023976328271008,-90,8,0,1,1
SAP,managerial_qa,lm_positive,0.0128727740828148,0.0151002343139807,0.0022274602311658995,-97,1,0,1,1
Salesforce,managerial_qa,lm_positive,0.0214828399266439,0.0251669234720082,0.0036840835453643,-35,56,0,1,1
Shopify,managerial_qa,lm_positive,0.0232777603019817,0.0223137658771026,-0.0009639944248790999,-78,90,0,1,1
Snap,managerial_qa,lm_positive,0.0184300341296928,0.0254579323191555,0.0070278981894627,-41,50,0,0,0
Spotify,managerial_qa,lm_positive,0.0283310439560439,0.0260339734121122,-0.0022970705439317,-41,64,0,1,1
Twilio,managerial_qa,lm_positive,0.0234750462107208,0.0187649720521692,-0.0047100741585516005,-193,2,1,1,1
Zoom,managerial_qa,lm_positive,0.0201757890531362,0.02119503945885,0.0010192504057137987,-78,20,0,1,1
eBay,managerial_qa,lm_positive,0.0131054131054131,0.0252240292067706,0.0121186161013575,-77,35,0,1,1
Alphabet,managerial_qa,lm_negative,0.0083459787556904,0.0071669477234401,-0.0011790310322502993,-87,13,0,1,1
Amazon,managerial_qa,lm_negative,0.0089686098654708,0.0070470561491248,-0.0019215537163460002,-20,78,0,1,1
Block,managerial_qa,lm_negative,0.0054479418886198,0.0032233598786499,-0.0022245820099698996,-89,23,0,1,1
Cisco,managerial_qa,lm_negative,0.0044712720769058,0.0053727333781061,0.0009014613012002992,-86,5,0,1,0
Coinbase,managerial_qa,lm_negative,0.0077613757418962,0.0114440282979608,0.0036826525560646004,-35,56,0,1,1
Dell,managerial_qa,lm_negative,0.0091005291005291,0.0127635960044395,0.003663066903910399,-77,24,0,1,1
DocuSign,managerial_qa,lm_negative,0.0049620548744892,0.0079582193484207,0.002996164473931499,-70,21,0,1,1
DoorDash,managerial_qa,lm_negative,0.0060524546065904,0.009939984996249,0.0038875303896586007,-27,78,0,0,0
Dropbox,managerial_qa,lm_negative,0.01,0.0123992560446373,0.0023992560446372997,-83,8,0,1,1
IBM,managerial_qa,lm_negative,0.0060135304434978,0.0122856411568978,0.0062721107134000005,-98,84,0,1,1
Intel,managerial_qa,lm_negative,0.0054910242872228,0.0059104341895885,0.0004194099023657003,-98,91,0,1,1
Lyft,managerial_qa,lm_negative,0.0091805508330499,0.0086541330945986,-0.0005264177384513014,-71,13,0,1,1
Meta,managerial_qa,lm_negative,0.0058356676003734,0.0083297736010252,0.0024941060006518,-14,84,0,1,1
Microsoft,managerial_qa,lm_negative,0.0077951002227171,0.0044642857142857,-0.0033308145084314,-85,6,0,1,1
PayPal,managerial_qa,lm_negative,0.0081632653061224,0.0049751243781094,-0.0031881409280129997,-90,8,0,1,1
SAP,managerial_qa,lm_negative,0.0090109418579703,0.0106743035667794,0.0016633617088091003,-97,1,0,1,1
Salesforce,managerial_qa,lm_negative,0.0078595755829185,0.0071905495634309,-0.0006690260194876004,-35,56,0,1,1
Shopify,managerial_qa,lm_negative,0.0078641082101289,0.0075523515276347,-0.0003117566824941999,-78,90,0,1,1
Snap,managerial_qa,lm_negative,0.0088737201365187,0.0086929524992238,-0.00018076763729490096,-41,50,0,0,0
Spotify,managerial_qa,lm_negative,0.0036057692307692,0.005354505169867,0.0017487359390977995,-41,64,0,1,1
Twilio,managerial_qa,lm_negative,0.0072088724584103,0.0066542454085706,-0.0005546270498397003,-193,2,1,1,1
Zoom,managerial_qa,lm_negative,0.0043947263284059,0.0101465614430665,0.0057518351146606,-78,20,0,1,1
eBay,managerial_qa,lm_negative,0.0048433048433048,0.004646531695984,-0.00019677314732079957,-77,35,0,1,1
Alphabet,managerial_qa,lm_uncertainty,0.0034142640364188,0.0004215851602023,-0.0029926788762165,-87,13,0,1,1
Amazon,managerial_qa,lm_uncertainty,0.0044843049327354,0.0065924073653102,0.0021081024325748004,-20,78,0,1,1
Block,managerial_qa,lm_uncertainty,0.006456820016142,0.0026545316647705,-0.0038022883513715005,-89,23,0,1,1
Cisco,managerial_qa,lm_uncertainty,0.0044712720769058,0.0040295500335795,-0.0004417220433263003,-86,5,0,1,0
Coinbase,managerial_qa,lm_uncertainty,0.0070004565515142,0.0081148564294631,0.0011143998779489005,-35,56,0,1,1
Dell,managerial_qa,lm_uncertainty,0.0078306878306878,0.0066592674805771,-0.0011714203501106994,-77,24,0,1,1
DocuSign,managerial_qa,lm_uncertainty,0.0061295971978984,0.0069634419298681,0.0008338447319697004,-70,21,0,1,1
DoorDash,managerial_qa,lm_uncertainty,0.0053799596503026,0.0061890472618154,0.0008090876115127996,-27,78,0,0,0
Dropbox,managerial_qa,lm_uncertainty,0.0033333333333333,0.0012399256044637,-0.0020934077288696003,-83,8,0,1,1
IBM,managerial_qa,lm_uncertainty,0.0050112753695815,0.008958280010238,0.0039470046406565006,-98,84,0,1,1
Intel,managerial_qa,lm_uncertainty,0.0040126715945089,0.003637190270516,-0.0003754813239929002,-98,91,0,1,1
Lyft,managerial_qa,lm_uncertainty,0.0061203672220333,0.0062667860340196,0.00014641881198629997,-71,13,0,1,1
Meta,managerial_qa,lm_uncertainty,0.0070028011204481,0.0051260145237078,-0.0018767865967402996,-14,84,0,1,1
Microsoft,managerial_qa,lm_uncertainty,0.0070527097253155,0.0048701298701298,-0.0021825798551857005,-85,6,0,1,1
PayPal,managerial_qa,lm_uncertainty,0.0034985422740524,0.0024875621890547,-0.0010109800849977001,-90,8,0,1,1
SAP,managerial_qa,lm_uncertainty,0.0072945719802617,0.0052069773496485,-0.0020875946306131996,-97,1,0,1,1
Salesforce,managerial_qa,lm_uncertainty,0.004977731202515,0.0048793014894709,-9.842971304410003e-05,-35,56,0,1,1
Shopify,managerial_qa,lm_uncertainty,0.0062912865681031,0.0013731548232063,-0.0049181317448968006,-78,90,0,1,1
Snap,managerial_qa,lm_uncertainty,0.0052332195676905,0.0037255510710959,-0.0015076684965946003,-41,50,0,0,0
Spotify,managerial_qa,lm_uncertainty,0.0044642857142857,0.0070162481536189,0.0025519624393331997,-41,64,0,1,1
Twilio,managerial_qa,lm_uncertainty,0.0048059149722735,0.0047910566941708,-1.4858278102700129e-05,-193,2,1,1,1
Zoom,managerial_qa,lm_uncertainty,0.0037954454654414,0.0067643742953776,0.0029689288299362,-78,20,0,1,1
eBay,managerial_qa,lm_uncertainty,0.0017094017094017,0.002323265847992,0.0006138641385903,-77,35,0,1,1
