"measure","measure_label","term","estimate","se","df_satterthwaite","t_stat","ci_lower","ci_upper","p_raw","n_obs","n_firms","is_firm_fixed_effect"
"fog_index","Gunning Fog index","(Intercept)",15.3583372963668,0.17340495472743,19.9977168356528,88.569195271889,14.9966182517347,15.7200563409989,2.00715239302153e-27,178,23,0
"fog_index","Gunning Fog index","firmAmazon",0.636637466452169,2.23442264807752e-15,11.7853507798272,284922580336324,0.636637466452164,0.636637466452174,2.07068607250102e-165,178,23,1
"fog_index","Gunning Fog index","firmBlock",0.550742934074623,2.34157168784585e-15,11.1864495097076,235202251946120,0.550742934074617,0.550742934074628,2.93810976402711e-156,178,23,1
"fog_index","Gunning Fog index","firmCisco",-0.417050922937794,0.0447258675683918,20.7592379623612,-9.32460219581136,-0.510129184646403,-0.323972661229184,7.21709829871465e-09,178,23,1
"fog_index","Gunning Fog index","firmCoinbase",-1.25784987117554,2.18557989745692e-15,11.1549003634337,-575522255049628,-1.25784987117555,-1.25784987117554,3.66144288546146e-160,178,23,1
"fog_index","Gunning Fog index","firmDell",-0.157233426321555,2.22761184567537e-15,11.829475888138,-70583852670205.7,-0.15723342632156,-0.15723342632155,7.5800760488315e-159,178,23,1
"fog_index","Gunning Fog index","firmDocuSign",0.237752101966454,2.2472951847087e-15,11.1790703665096,105794781025739,0.23775210196645,0.237752101966459,2.80327483480958e-152,178,23,1
"fog_index","Gunning Fog index","firmDoorDash",0.316268158265303,0.0806021784977458,20.8564015267953,3.92381650421704,0.148576451750309,0.483959864780297,0.000787621961182279,178,23,1
"fog_index","Gunning Fog index","firmDropbox",0.465175751942988,2.24768537808768e-15,12.0310536672033,206957680322126,0.465175751942983,0.465175751942993,4.13266850751668e-167,178,23,1
"fog_index","Gunning Fog index","firmIBM",-0.878389582297964,2.27663069272988e-15,11.637033667219,-385828753474591,-0.878389582297969,-0.878389582297959,6.59108141999194e-165,178,23,1
"fog_index","Gunning Fog index","firmIntel",-0.292518797496064,2.2616362991076e-15,12.1639159518735,-129339451091887,-0.292518797496069,-0.292518797496059,1.97673455501018e-166,178,23,1
"fog_index","Gunning Fog index","firmLyft",-2.00539545730483,2.34160880746738e-15,12.0756304022481,-856417797417582,-2.00539545730483,-2.00539545730482,3.6541173688509e-175,178,23,1
"fog_index","Gunning Fog index","firmMeta",0.0457017452653589,2.2922066116611e-15,11.8625165504021,19937882140668,0.0457017452653539,0.0457017452653639,9.10473710239495e-153,178,23,1
"fog_index","Gunning Fog index","firmMicrosoft",0.225160633125549,2.39685990411721e-15,12.2068344319511,93939838844472.9,0.225160633125544,0.225160633125554,2.61505913457618e-165,178,23,1
"fog_index","Gunning Fog index","firmPayPal",-0.38363276417602,2.32104560784084e-15,12.4779416425288,-165284457522098,-0.383632764176025,-0.383632764176015,5.8845208099408e-172,178,23,1
"fog_index","Gunning Fog index","firmSAP",-0.338575323572647,2.33311502586426e-15,12.1608295113469,-145117287325869,-0.338575323572652,-0.338575323572642,5.36184631351549e-167,178,23,1
"fog_index","Gunning Fog index","firmSalesforce",-0.420528276637031,2.34730150012008e-15,12.2473051307321,-179153924885882,-0.420528276637036,-0.420528276637026,2.80695059954347e-169,178,23,1
"fog_index","Gunning Fog index","firmShopify",0.57244171624457,2.34728269500808e-15,12.4801879642069,243874211428376,0.572441716244565,0.572441716244575,4.27688409749436e-174,178,23,1
"fog_index","Gunning Fog index","firmSnap",2.71392234945788,0.0247721363896342,19.9977168356524,109.555441919556,2.66224820022472,2.76559649869104,2.88017570308734e-29,178,23,1
"fog_index","Gunning Fog index","firmSpotify",-0.908063835600459,2.39171930738584e-15,12.4729966472512,-379669902231536,-0.908063835600465,-0.908063835600454,2.14484063109001e-176,178,23,1
"fog_index","Gunning Fog index","firmTwilio",0.0996689383963702,2.30081235739894e-15,12.0674340891233,43319020812738.3,0.0996689383963652,0.0996689383963752,2.08249257214714e-159,178,23,1
"fog_index","Gunning Fog index","firmZoom",-0.552423591195743,2.39058913427995e-15,12.3293353414512,-231082616110917,-0.552423591195748,-0.552423591195737,9.48966025339484e-172,178,23,1
"fog_index","Gunning Fog index","firmeBay",1.0026331224634,2.37477535460044e-15,12.4457492821522,422201249697616,1.0026331224634,1.00263312246341,1.36252604905477e-176,178,23,1
"fog_index","Gunning Fog index","etimepre_2",0.0363312370478353,0.171231232100817,20.649192181585,0.212176462214815,-0.320132327380346,0.392794801476016,0.83404976442463,178,23,0
"fog_index","Gunning Fog index","etimepost_1",0.0104392948604104,0.191341004474046,21.2190956201635,0.0545585871105134,-0.387226081469701,0.408104671190522,0.957000567553494,178,23,0
"fog_index","Gunning Fog index","etimepost_2",-0.00731956518413206,0.240925094037748,20.3431637639363,-0.0303810826072988,-0.509337583881137,0.494698453512873,0.976059222196161,178,23,0
"fog_index","Gunning Fog index","qa",-3.07983207799649,0.318076224912987,21.2190956201635,-9.6826855853153,-3.74089216822321,-2.41877198776977,3.07314634323586e-09,178,23,0
"fog_index","Gunning Fog index","etimepre_2:qa",0.108110017637417,0.272079744936057,21.6207587408375,0.397346806035947,-0.456723236929218,0.672943272204052,0.69500727303384,178,23,0
"fog_index","Gunning Fog index","etimepost_1:qa",0.193963639116183,0.2105955032144,21.7885186237686,0.921024600030112,-0.243030615290299,0.630957893522664,0.36712358583785,178,23,0
"fog_index","Gunning Fog index","etimepost_2:qa",0.320114796758664,0.293557856621498,21.3835612176224,1.09046577885124,-0.289706103519378,0.929935697036706,0.287643933075088,178,23,0
"lm_positive","LM positive","(Intercept)",0.025730769997333,0.00079702096807673,19.9977168356528,32.2836801388341,0.0240682012225386,0.0273933387721275,9.98491925241861e-19,178,23,0
"lm_positive","LM positive","firmAmazon",-0.00578789373795959,8.75931211490191e-18,11.7853507798272,-660770350689165,-0.0057878937379596,-0.00578789373795957,1.02481756246784e-169,178,23,1
"lm_positive","LM positive","firmBlock",-0.00192494493945753,8.62911623521923e-18,11.1864495097076,-223075560345448,-0.00192494493945755,-0.00192494493945751,5.31176321969902e-156,178,23,1
"lm_positive","LM positive","firmCisco",-0.00589726823681008,0.000222734890999689,20.7592379623612,-26.4766252397265,-0.00636079812685427,-0.00543373834676589,1.76577724843422e-17,178,23,1
"lm_positive","LM positive","firmCoinbase",-0.00778741819116123,8.31315097481392e-18,11.1549003634337,-936758903423566,-0.00778741819116125,-0.00778741819116122,1.59829844853941e-162,178,23,1
"lm_positive","LM positive","firmDell",-0.00594222546431483,8.64038168644165e-18,11.829475888138,-687727195389906,-0.00594222546431485,-0.00594222546431481,1.52666073784974e-170,178,23,1
"lm_positive","LM positive","firmDocuSign",0.00284202052179945,8.71113324759401e-18,11.1790703665096,326251526755650,0.00284202052179944,0.00284202052179947,9.55241231355475e-158,178,23,1
"lm_positive","LM positive","firmDoorDash",-0.00311435757283561,0.000323480637967085,20.8564015267953,-9.62764755383135,-0.00378735452175526,-0.00244136062391597,4.00378725373033e-09,178,23,1
"lm_positive","LM positive","firmDropbox",-0.00376048422916036,9.1326779119899e-18,12.0310536672033,-411761398507592,-0.00376048422916038,-0.00376048422916034,1.05143846895509e-170,178,23,1
"lm_positive","LM positive","firmIBM",-0.00808567802379821,8.76849496392214e-18,11.637033667219,-922128376313909,-0.00808567802379823,-0.00808567802379819,2.60339707761966e-169,178,23,1
"lm_positive","LM positive","firmIntel",0.00256576959025773,8.71739278628164e-18,12.1639159518735,294327633635532,0.00256576959025771,0.00256576959025775,8.95805367719668e-171,178,23,1
"lm_positive","LM positive","firmLyft",-0.00518821264142383,9.15730852186754e-18,12.0756304022481,-566565233554646,-0.00518821264142385,-0.00518821264142381,5.36515711274898e-173,178,23,1
"lm_positive","LM positive","firmMeta",-0.0025392236958602,8.78260482752203e-18,11.8625165504021,-289119657063818,-0.00253922369586022,-0.00253922369586019,1.52109853266269e-166,178,23,1
"lm_positive","LM positive","firmMicrosoft",-0.00861487446269381,9.01824976328354e-18,12.2068344319511,-955271221004323,-0.00861487446269383,-0.00861487446269379,1.32379084049396e-177,178,23,1
"lm_positive","LM positive","firmPayPal",0.00540141548330525,9.07960423219733e-18,12.4779416425288,594895476187299,0.00540141548330523,0.00540141548330527,6.75106098915768e-179,178,23,1
"lm_positive","LM positive","firmSAP",-0.00238921507900119,9.07699932554057e-18,12.1608295113469,-263216399309241,-0.00238921507900121,-0.00238921507900117,3.8423713949343e-170,178,23,1
"lm_positive","LM positive","firmSalesforce",-0.000621292885602439,9.22300478483908e-18,12.2473051307321,-67363391876769.9,-0.000621292885602459,-0.000621292885602419,4.47629957015084e-164,178,23,1
"lm_positive","LM positive","firmShopify",-0.00198811029808655,9.03783685211327e-18,12.4801879642069,-219976342859262,-0.00198811029808657,-0.00198811029808653,1.549222725019e-173,178,23,1
"lm_positive","LM positive","firmSnap",0.00283871114257051,0.000113860138296679,19.9977168356524,24.9315623978415,0.00260120131759987,0.00307622096754116,1.55338029388968e-16,178,23,1
"lm_positive","LM positive","firmSpotify",0.00183311873976513,9.08997427905556e-18,12.4729966472512,201663798322165,0.00183311873976511,0.00183311873976515,5.73723897434031e-173,178,23,1
"lm_positive","LM positive","firmTwilio",-0.00574018134159051,9.03723673301733e-18,12.0674340891233,-635169965241575,-0.00574018134159053,-0.00574018134159049,1.75956450356134e-173,178,23,1
"lm_positive","LM positive","firmZoom",-0.00301448481123298,9.11192605861804e-18,12.3293353414512,-330828497931223,-0.003014484811233,-0.00301448481123296,1.13736754453616e-173,178,23,1
"lm_positive","LM positive","firmeBay",-0.00167781311689623,9.23437311829577e-18,12.4457492821522,-181692151205373,-0.00167781311689625,-0.00167781311689621,4.91780097564721e-172,178,23,1
"lm_positive","LM positive","etimepre_2",-0.000512450059841443,0.000818640750439072,20.649192181585,-0.625976729800702,-0.00221666953141458,0.0011917694117317,0.538188661575421,178,23,0
"lm_positive","LM positive","etimepost_1",0.000852916474997354,0.00127384667722964,21.2190956201635,0.669559759619013,-0.00179452817326202,0.00350036112325672,0.510359263932721,178,23,0
"lm_positive","LM positive","etimepost_2",0.00114570454967772,0.00128260551982895,20.3431637639363,0.893263386103719,-0.00152687335012994,0.00381828244948539,0.382162009551945,178,23,0
"lm_positive","LM positive","qa",-0.00403980056962546,0.00137608883983348,21.2190956201635,-2.93571203594261,-0.00689973583473103,-0.00117986530451989,0.00784165391499447,178,23,0
"lm_positive","LM positive","etimepre_2:qa",0.000282010178571043,0.00143950642278994,21.6207587408375,0.195907551440078,-0.00270638242649076,0.00327040278363285,0.846512119057516,178,23,0
"lm_positive","LM positive","etimepost_1:qa",-0.000695007993859186,0.00129312065513227,21.7885186237686,-0.53746569672425,-0.00337828606923127,0.00198827008151289,0.596393118197755,178,23,0
"lm_positive","LM positive","etimepost_2:qa",0.000288335706666143,0.00126988357687769,21.3835612176224,0.227056804195455,-0.00234965039601323,0.00292632180934551,0.822536253603224,178,23,0
"lm_negative","LM negative","(Intercept)",0.00715951183197109,0.000544445004698839,19.9977168356528,13.150110241036,0.00602381114069648,0.0082952125232457,2.6583619560105e-11,178,23,0
"lm_negative","LM negative","firmAmazon",0.00227809615030415,4.09667289267806e-18,11.7853507798272,556084464145470,0.00227809615030414,0.00227809615030416,7.82500565436764e-169,178,23,1
"lm_negative","LM negative","firmBlock",0.000549473720381987,3.81231080974898e-18,11.1864495097076,144131406856139,0.000549473720381978,0.000549473720381995,7.03451204224088e-154,178,23,1
"lm_negative","LM negative","firmCisco",-0.000606146867855689,0.000127677939415915,20.7592379623612,-4.74746750009137,-0.000871855311435866,-0.000340438424275512,0.000112191338545515,178,23,1
"lm_negative","LM negative","firmCoinbase",0.00326609610975205,4.05189518810451e-18,11.1549003634337,806066287040347,0.00326609610975204,0.00326609610975206,8.54267754448337e-162,178,23,1
"lm_negative","LM negative","firmDell",0.00304269781589401,4.07614317214836e-18,11.829475888138,746464902578566,0.003042697815894,0.00304269781589402,5.79020181668738e-171,178,23,1
"lm_negative","LM negative","firmDocuSign",0.000176836440556311,3.94390611529874e-18,11.1790703665096,44837893039681.6,0.000176836440556302,0.00017683644055632,4.12511483336266e-148,178,23,1
"lm_negative","LM negative","firmDoorDash",0.00157520675091658,0.000172607684162415,20.8564015267953,9.12593641795458,0.00121609887499725,0.00193431462683592,9.95888733540333e-09,178,23,1
"lm_negative","LM negative","firmDropbox",0.00209359592373847,4.12072205760158e-18,12.0310536672033,508065308572892,0.00209359592373846,0.00209359592373848,8.38807946542365e-172,178,23,1
"lm_negative","LM negative","firmIBM",0.00137513581660104,3.91375943276034e-18,11.637033667219,351359310715520,0.00137513581660103,0.00137513581660105,1.95849321723888e-164,178,23,1
"lm_negative","LM negative","firmIntel",-0.000180998763342576,4.03662027719515e-18,12.1639159518735,-44839184989761.7,-0.000180998763342585,-0.000180998763342567,7.80263601576993e-161,178,23,1
"lm_negative","LM negative","firmLyft",0.000845298085818649,4.24079376967165e-18,12.0756304022481,199325440407846,0.00084529808581864,0.000845298085818658,1.6148837141513e-167,178,23,1
"lm_negative","LM negative","firmMeta",0.00160443410534266,3.93594600890038e-18,11.8625165504021,407636207842929,0.00160443410534265,0.00160443410534267,2.58420889195057e-168,178,23,1
"lm_negative","LM negative","firmMicrosoft",0.000372926598142164,4.08005416854855e-18,12.2068344319511,91402364462928.1,0.000372926598142155,0.000372926598142173,3.65300133702894e-165,178,23,1
"lm_negative","LM negative","firmPayPal",0.000986081578284566,4.266844221608e-18,12.4779416425288,231103252678147,0.000986081578284557,0.000986081578284575,8.9793874454292e-174,178,23,1
"lm_negative","LM negative","firmSAP",-0.00055953815173757,3.97393674630118e-18,12.1608295113469,-140801977348625,-0.000559538151737578,-0.000559538151737561,7.74011962273399e-167,178,23,1
"lm_negative","LM negative","firmSalesforce",-2.13969002345409e-05,4.18276187326564e-18,12.2473051307321,-5115495665985.77,-2.139690023455e-05,-2.13969002345318e-05,2.30261273699368e-150,178,23,1
"lm_negative","LM negative","firmShopify",-0.000355300008983289,4.2671669200135e-18,12.4801879642069,-83263677199242.4,-0.000355300008983299,-0.00035530000898328,2.85600945451275e-168,178,23,1
"lm_negative","LM negative","firmSnap",0.00143481857849829,7.77778578141197e-05,19.9977168356524,18.4476484544914,0.00127257562260192,0.00159706153439467,5.03154881282171e-14,178,23,1
"lm_negative","LM negative","firmSpotify",-0.00104257243738277,4.13259172170565e-18,12.4729966472512,-252280531828697,-0.00104257243738278,-0.00104257243738277,3.51262457023811e-174,178,23,1
"lm_negative","LM negative","firmTwilio",0.0017892873230825,4.06534015745766e-18,12.0674340891233,440132253090838,0.00178928732308249,0.00178928732308251,1.47173291673636e-171,178,23,1
"lm_negative","LM negative","firmZoom",-0.000422298023543651,4.14538832572383e-18,12.3293353414512,-101871764563797,-0.00042229802354366,-0.000422298023543642,2.30654023551265e-167,178,23,1
"lm_negative","LM negative","firmeBay",-0.0014592799517342,4.24164840629872e-18,12.4457492821522,-344036047298784,-0.00145927995173421,-0.00145927995173419,1.74166909270119e-175,178,23,1
"lm_negative","LM negative","etimepre_2",3.30225253165035e-05,0.000643606089936049,20.649192181585,0.0513085967222354,-0.00130681552929266,0.00137286057992566,0.959572721692684,178,23,0
"lm_negative","LM negative","etimepost_1",-0.000143581105743447,0.000912004745456,21.2190956201635,-0.157434603776822,-0.00203900708259307,0.00175184487110618,0.876390836904422,178,23,0
"lm_negative","LM negative","etimepost_2",-0.0004383922786861,0.00106706725932515,20.3431637639363,-0.410838468573531,-0.0026618509577514,0.0017850664003792,0.685486328857475,178,23,0
"lm_negative","LM negative","qa",-0.000876558772879629,0.00068134025697974,21.2190956201635,-1.28652132895428,-0.00229259309571321,0.000539475549953952,0.212121254154437,178,23,0
"lm_negative","LM negative","etimepre_2:qa",-0.000111813381762005,0.000623146215504087,21.6207587408375,-0.179433620842188,-0.0014054550861703,0.00118182832264629,0.859268198696859,178,23,0
"lm_negative","LM negative","etimepost_1:qa",0.00108254634828642,0.00101752869875577,21.7885186237686,1.06389760761554,-0.00102886718269144,0.00319395987926429,0.29902432619551,178,23,0
"lm_negative","LM negative","etimepost_2:qa",-0.000163761373223556,0.00114459441279456,21.3835612176224,-0.143073713616798,-0.0025414786767109,0.00221395593026379,0.887571603678367,178,23,0
"lm_uncertainty","LM uncertainty","(Intercept)",0.0056345630431438,0.000731535987150666,19.9977168356528,7.70237300982338,0.00410859454471147,0.00716053154157612,2.08491919393301e-07,178,23,0
"lm_uncertainty","LM uncertainty","firmAmazon",0.00660514106617048,4.51369714025397e-18,11.7853507798272,1463354952919776,0.00660514106617047,0.00660514106617049,8.73323483621937e-174,178,23,1
"lm_uncertainty","LM uncertainty","firmBlock",-5.37991201302779e-05,4.44641055459957e-18,11.1864495097076,-12099449537925.7,-5.37991201302876e-05,-5.37991201302681e-05,7.65200934588191e-142,178,23,1
"lm_uncertainty","LM uncertainty","firmCisco",0.00196021612608687,6.03907825947015e-05,20.7592379623612,32.4588627910718,0.00183453786934781,0.00208589438282592,2.83163074915708e-19,178,23,1
"lm_uncertainty","LM uncertainty","firmCoinbase",0.00637435184892183,4.25898732346394e-18,11.1549003634337,1496682512719342,0.00637435184892182,0.00637435184892184,8.58252275086881e-165,178,23,1
"lm_uncertainty","LM uncertainty","firmDell",0.00437048682788464,4.36474290933044e-18,11.829475888138,1001315980957763,0.00437048682788463,0.00437048682788465,1.79351494272703e-172,178,23,1
"lm_uncertainty","LM uncertainty","firmDocuSign",0.00192155651823289,4.26724904895679e-18,11.1790703665096,450303344423417,0.00192155651823288,0.0019215565182329,2.6035916809677e-159,178,23,1
"lm_uncertainty","LM uncertainty","firmDoorDash",0.00413722267802581,0.000230801294695791,20.8564015267953,17.9254743067143,0.00365704380823894,0.00461740154781269,3.79434732509681e-14,178,23,1
"lm_uncertainty","LM uncertainty","firmDropbox",0.00298407317937986,4.47067674970904e-18,12.0310536672033,667476837723521,0.00298407317937985,0.00298407317937987,3.14617055731574e-173,178,23,1
"lm_uncertainty","LM uncertainty","firmIBM",0.000834729482268565,4.24633323766512e-18,11.637033667219,196576536872916,0.000834729482268555,0.000834729482268574,1.68660048627882e-161,178,23,1
"lm_uncertainty","LM uncertainty","firmIntel",0.00169473455798591,4.38778546486485e-18,12.1639159518735,386239156758341,0.0016947345579859,0.00169473455798592,3.28521879931872e-172,178,23,1
"lm_uncertainty","LM uncertainty","firmLyft",0.00557446864417331,4.52017941630864e-18,12.0756304022481,1233240570951860,0.0055744686441733,0.00557446864417332,4.47157031937028e-177,178,23,1
"lm_uncertainty","LM uncertainty","firmMeta",0.00229236275422454,4.36657518305398e-18,11.8625165504021,524979568225655,0.00229236275422453,0.00229236275422455,1.28527805377625e-169,178,23,1
"lm_uncertainty","LM uncertainty","firmMicrosoft",0.00387950601624884,4.51250585871561e-18,12.2068344319511,859723208725774,0.00387950601624883,0.00387950601624885,4.79183988268219e-177,178,23,1
"lm_uncertainty","LM uncertainty","firmPayPal",0.00175814207537443,4.62047300643444e-18,12.4779416425288,380511275128337,0.00175814207537442,0.00175814207537444,1.78240052110918e-176,178,23,1
"lm_uncertainty","LM uncertainty","firmSAP",0.00271964860595688,4.65846204462343e-18,12.1608295113469,583808256867900,0.00271964860595687,0.00271964860595689,2.38490854362869e-174,178,23,1
"lm_uncertainty","LM uncertainty","firmSalesforce",0.00152892361636871,4.66997244693072e-18,12.2473051307321,327394568970867,0.0015289236163687,0.00152892361636872,1.74316058551614e-172,178,23,1
"lm_uncertainty","LM uncertainty","firmShopify",0.000737764263532077,4.78342749719779e-18,12.4801879642069,154233395188758,0.000737764263532067,0.000737764263532087,1.3017523605224e-171,178,23,1
"lm_uncertainty","LM uncertainty","firmSnap",0.00326216011500219,0.000104505141021524,19.9977168356524,31.2153075256871,0.00304416461522614,0.00348015561477823,1.93281213826419e-18,178,23,1
"lm_uncertainty","LM uncertainty","firmSpotify",0.00355911954215958,4.81144123805366e-18,12.4729966472512,739720047708476,0.00355911954215957,0.00355911954215959,5.22939708389257e-180,178,23,1
"lm_uncertainty","LM uncertainty","firmTwilio",0.00371774099790409,4.22955146467152e-18,12.0674340891233,878991786471340,0.00371774099790408,0.0037177409979041,3.48941184348741e-175,178,23,1
"lm_uncertainty","LM uncertainty","firmZoom",0.00545343915725139,4.79932694686469e-18,12.3293353414512,1136292488015224,0.00545343915725138,0.0054534391572514,2.81039626754156e-180,178,23,1
"lm_uncertainty","LM uncertainty","firmeBay",0.00339568615759376,4.86795359617494e-18,12.4457492821522,697559270133955,0.00339568615759374,0.00339568615759377,2.63272083674427e-179,178,23,1
"lm_uncertainty","LM uncertainty","etimepre_2",-0.000135694448786775,0.000568082046915221,20.649192181585,-0.238864173799574,-0.00131830902701879,0.00104692012944524,0.813565604454055,178,23,0
"lm_uncertainty","LM uncertainty","etimepost_1",0.000889822684732104,0.00129986548256477,21.2190956201635,0.684549822014192,-0.00181169703250527,0.00359134240196948,0.501037364767209,178,23,0
"lm_uncertainty","LM uncertainty","etimepost_2",-0.000163713604528579,0.000908498194501385,20.3431637639363,-0.180202454467651,-0.00205676034345372,0.00172933313439656,0.858776634011843,178,23,0
"lm_uncertainty","LM uncertainty","qa",-0.00341442195613356,0.00102752062911906,21.2190956201635,-3.32297168482242,-0.00554992541911977,-0.00127891849314736,0.00319893020822169,178,23,0
"lm_uncertainty","LM uncertainty","etimepre_2:qa",0.000309438292563882,0.000530883742788031,21.6207587408375,0.582873928176461,-0.000792667975236216,0.00141154456036398,0.56600855071946,178,23,0
"lm_uncertainty","LM uncertainty","etimepost_1:qa",-0.00130201462210402,0.00139061639089176,21.7885186237686,-0.936285974070158,-0.00418760032373463,0.0015835710795266,0.359388480074029,178,23,0
"lm_uncertainty","LM uncertainty","etimepost_2:qa",-7.38504314260017e-05,0.00109016408974512,21.3835612176224,-0.0677424913558362,-0.00233849718389338,0.00219079632104138,0.946620061171755,178,23,0
