"measure","measure_label","context","contrast","holm_family","estimate","se","df_satterthwaite","t_stat","ci_lower","ci_upper","p_raw","note","p_holm","sig_raw_05","sig_holm_05","changed_by_holm"
"fog_index","Gunning Fog index","prepared_management","pre_2 vs pre_1","fog_index | prepared_management (3 position contrasts)",0.0363312370478353,0.171231232100817,20.649192181585,0.212176462214815,-0.320132327380346,0.392794801476016,0.83404976442463,"pre-event stability diagnostic",1,0,0,0
"fog_index","Gunning Fog index","prepared_management","post_1 vs pre_1","fog_index | prepared_management (3 position contrasts)",0.0104392948604104,0.191341004474046,21.2190956201635,0.0545585871105134,-0.387226081469701,0.408104671190522,0.957000567553494,"within-context change from pre_1",1,0,0,0
"fog_index","Gunning Fog index","prepared_management","post_2 vs pre_1","fog_index | prepared_management (3 position contrasts)",-0.00731956518413206,0.240925094037748,20.3431637639363,-0.0303810826072988,-0.509337583881137,0.494698453512873,0.976059222196161,"within-context change from pre_1",1,0,0,0
"fog_index","Gunning Fog index","managerial_qa","pre_2 vs pre_1","fog_index | managerial_qa (3 position contrasts)",0.144441254685252,0.191008564253176,21.9999999999998,0.75620302812077,-0.251686262458425,0.54056877182893,0.457549137837211,"pre-event stability diagnostic",0.532551054582457,0,0,0
"fog_index","Gunning Fog index","managerial_qa","post_1 vs pre_1","fog_index | managerial_qa (3 position contrasts)",0.204402933976593,0.152281919658283,21.9999999999999,1.34226659629238,-0.111410437931445,0.52021630588463,0.193198161318518,"within-context change from pre_1",0.532551054582457,0,0,0
"fog_index","Gunning Fog index","managerial_qa","post_2 vs pre_1","fog_index | managerial_qa (3 position contrasts)",0.312795231574532,0.224411914375215,21.6360732901652,1.39384413900387,-0.153060887992203,0.778651351141266,0.177517018194152,"within-context change from pre_1",0.532551054582457,0,0,0
"fog_index","Gunning Fog index","interaction","(pre_2 vs pre_1) : Q&A - prepared","fog_index | interaction Q&A - prepared (3 interaction contrasts)",0.108110017637417,0.272079744936057,21.6207587408375,0.397346806035947,-0.456723236929218,0.672943272204052,0.69500727303384,"difference in the event-time change between contexts",0.862931799225265,0,0,0
"fog_index","Gunning Fog index","interaction","(post_1 vs pre_1) : Q&A - prepared","fog_index | interaction Q&A - prepared (3 interaction contrasts)",0.193963639116183,0.2105955032144,21.7885186237686,0.921024600030112,-0.243030615290299,0.630957893522664,0.36712358583785,"difference in the event-time change between contexts",0.862931799225265,0,0,0
"fog_index","Gunning Fog index","interaction","(post_2 vs pre_1) : Q&A - prepared","fog_index | interaction Q&A - prepared (3 interaction contrasts)",0.320114796758664,0.293557856621498,21.3835612176224,1.09046577885124,-0.289706103519378,0.929935697036706,0.287643933075088,"difference in the event-time change between contexts",0.862931799225265,0,0,0
"lm_positive","LM positive","prepared_management","pre_2 vs pre_1","lm_positive | prepared_management (3 position contrasts)",-0.000512450059841443,0.000818640750439072,20.649192181585,-0.625976729800702,-0.00221666953141458,0.0011917694117317,0.538188661575421,"pre-event stability diagnostic",1,0,0,0
"lm_positive","LM positive","prepared_management","post_1 vs pre_1","lm_positive | prepared_management (3 position contrasts)",0.000852916474997354,0.00127384667722964,21.2190956201635,0.669559759619013,-0.00179452817326202,0.00350036112325672,0.510359263932721,"within-context change from pre_1",1,0,0,0
"lm_positive","LM positive","prepared_management","post_2 vs pre_1","lm_positive | prepared_management (3 position contrasts)",0.00114570454967772,0.00128260551982895,20.3431637639363,0.893263386103719,-0.00152687335012994,0.00381828244948539,0.382162009551945,"within-context change from pre_1",1,0,0,0
"lm_positive","LM positive","managerial_qa","pre_2 vs pre_1","lm_positive | managerial_qa (3 position contrasts)",-0.0002304398812704,0.000980212087417205,21.9999999999998,-0.235091858413616,-0.00226327533019893,0.00180239556765813,0.816311870026591,"pre-event stability diagnostic",1,0,0,0
"lm_positive","LM positive","managerial_qa","post_1 vs pre_1","lm_positive | managerial_qa (3 position contrasts)",0.000157908481138168,0.00094178071450316,21.9999999999999,0.167670115459387,-0.00179522517854135,0.00211104214081768,0.868374562190251,"within-context change from pre_1",1,0,0,0
"lm_positive","LM positive","managerial_qa","post_2 vs pre_1","lm_positive | managerial_qa (3 position contrasts)",0.00143404025634387,0.00125525878562339,21.6360732901652,1.14242598639267,-0.00117174824891719,0.00403982876160493,0.265762319012683,"within-context change from pre_1",0.797286957038049,0,0,0
"lm_positive","LM positive","interaction","(pre_2 vs pre_1) : Q&A - prepared","lm_positive | interaction Q&A - prepared (3 interaction contrasts)",0.000282010178571043,0.00143950642278994,21.6207587408375,0.195907551440078,-0.00270638242649076,0.00327040278363285,0.846512119057516,"difference in the event-time change between contexts",1,0,0,0
"lm_positive","LM positive","interaction","(post_1 vs pre_1) : Q&A - prepared","lm_positive | interaction Q&A - prepared (3 interaction contrasts)",-0.000695007993859186,0.00129312065513227,21.7885186237686,-0.53746569672425,-0.00337828606923127,0.00198827008151289,0.596393118197755,"difference in the event-time change between contexts",1,0,0,0
"lm_positive","LM positive","interaction","(post_2 vs pre_1) : Q&A - prepared","lm_positive | interaction Q&A - prepared (3 interaction contrasts)",0.000288335706666143,0.00126988357687769,21.3835612176224,0.227056804195455,-0.00234965039601323,0.00292632180934551,0.822536253603224,"difference in the event-time change between contexts",1,0,0,0
"lm_negative","LM negative","prepared_management","pre_2 vs pre_1","lm_negative | prepared_management (3 position contrasts)",3.30225253165035e-05,0.000643606089936049,20.649192181585,0.0513085967222354,-0.00130681552929266,0.00137286057992566,0.959572721692684,"pre-event stability diagnostic",1,0,0,0
"lm_negative","LM negative","prepared_management","post_1 vs pre_1","lm_negative | prepared_management (3 position contrasts)",-0.000143581105743447,0.000912004745456,21.2190956201635,-0.157434603776822,-0.00203900708259307,0.00175184487110618,0.876390836904422,"within-context change from pre_1",1,0,0,0
"lm_negative","LM negative","prepared_management","post_2 vs pre_1","lm_negative | prepared_management (3 position contrasts)",-0.0004383922786861,0.00106706725932515,20.3431637639363,-0.410838468573531,-0.0026618509577514,0.0017850664003792,0.685486328857475,"within-context change from pre_1",1,0,0,0
"lm_negative","LM negative","managerial_qa","pre_2 vs pre_1","lm_negative | managerial_qa (3 position contrasts)",-7.87908564455013e-05,0.000486576307839689,21.9999999999998,-0.161929085276097,-0.00108788835675441,0.000930306643863408,0.872839691822919,"pre-event stability diagnostic",0.872839691822919,0,0,0
"lm_negative","LM negative","managerial_qa","post_1 vs pre_1","lm_negative | managerial_qa (3 position contrasts)",0.000938965242542975,0.000552564788220972,21.9999999999999,1.69928533731954,-0.00020698399002059,0.00208491447510654,0.103363833905345,"within-context change from pre_1",0.310091501716036,0,0,0
"lm_negative","LM negative","managerial_qa","post_2 vs pre_1","lm_negative | managerial_qa (3 position contrasts)",-0.000602153651909656,0.00050710688253173,21.6360732901652,-1.1874294604392,-0.00165485553344535,0.000450548229626039,0.247931654362033,"within-context change from pre_1",0.495863308724066,0,0,0
"lm_negative","LM negative","interaction","(pre_2 vs pre_1) : Q&A - prepared","lm_negative | interaction Q&A - prepared (3 interaction contrasts)",-0.000111813381762005,0.000623146215504087,21.6207587408375,-0.179433620842188,-0.0014054550861703,0.00118182832264629,0.859268198696859,"difference in the event-time change between contexts",1,0,0,0
"lm_negative","LM negative","interaction","(post_1 vs pre_1) : Q&A - prepared","lm_negative | interaction Q&A - prepared (3 interaction contrasts)",0.00108254634828642,0.00101752869875577,21.7885186237686,1.06389760761554,-0.00102886718269144,0.00319395987926429,0.29902432619551,"difference in the event-time change between contexts",0.89707297858653,0,0,0
"lm_negative","LM negative","interaction","(post_2 vs pre_1) : Q&A - prepared","lm_negative | interaction Q&A - prepared (3 interaction contrasts)",-0.000163761373223556,0.00114459441279456,21.3835612176224,-0.143073713616798,-0.0025414786767109,0.00221395593026379,0.887571603678367,"difference in the event-time change between contexts",1,0,0,0
"lm_uncertainty","LM uncertainty","prepared_management","pre_2 vs pre_1","lm_uncertainty | prepared_management (3 position contrasts)",-0.000135694448786775,0.000568082046915221,20.649192181585,-0.238864173799574,-0.00131830902701879,0.00104692012944524,0.813565604454055,"pre-event stability diagnostic",1,0,0,0
"lm_uncertainty","LM uncertainty","prepared_management","post_1 vs pre_1","lm_uncertainty | prepared_management (3 position contrasts)",0.000889822684732104,0.00129986548256477,21.2190956201635,0.684549822014192,-0.00181169703250527,0.00359134240196948,0.501037364767209,"within-context change from pre_1",1,0,0,0
"lm_uncertainty","LM uncertainty","prepared_management","post_2 vs pre_1","lm_uncertainty | prepared_management (3 position contrasts)",-0.000163713604528579,0.000908498194501385,20.3431637639363,-0.180202454467651,-0.00205676034345372,0.00172933313439656,0.858776634011843,"within-context change from pre_1",1,0,0,0
"lm_uncertainty","LM uncertainty","managerial_qa","pre_2 vs pre_1","lm_uncertainty | managerial_qa (3 position contrasts)",0.000173743843777107,0.00042508018257764,21.9999999999998,0.408731930817247,-0.000707818498570387,0.0010553061861246,0.686687802240495,"pre-event stability diagnostic",1,0,0,0
"lm_uncertainty","LM uncertainty","managerial_qa","post_1 vs pre_1","lm_uncertainty | managerial_qa (3 position contrasts)",-0.000412191937371911,0.000453518598154784,21.9999999999999,-0.908875488345975,-0.00135273194387871,0.000528348069134884,0.3732655309087,"within-context change from pre_1",1,0,0,0
"lm_uncertainty","LM uncertainty","managerial_qa","post_2 vs pre_1","lm_uncertainty | managerial_qa (3 position contrasts)",-0.00023756403595458,0.000488585555304038,21.6360732901652,-0.486228119877078,-0.00125181754162957,0.00077668946972041,0.631693918214087,"within-context change from pre_1",1,0,0,0
"lm_uncertainty","LM uncertainty","interaction","(pre_2 vs pre_1) : Q&A - prepared","lm_uncertainty | interaction Q&A - prepared (3 interaction contrasts)",0.000309438292563882,0.000530883742788031,21.6207587408375,0.582873928176461,-0.000792667975236216,0.00141154456036398,0.56600855071946,"difference in the event-time change between contexts",1,0,0,0
"lm_uncertainty","LM uncertainty","interaction","(post_1 vs pre_1) : Q&A - prepared","lm_uncertainty | interaction Q&A - prepared (3 interaction contrasts)",-0.00130201462210402,0.00139061639089176,21.7885186237686,-0.936285974070158,-0.00418760032373463,0.0015835710795266,0.359388480074029,"difference in the event-time change between contexts",1,0,0,0
"lm_uncertainty","LM uncertainty","interaction","(post_2 vs pre_1) : Q&A - prepared","lm_uncertainty | interaction Q&A - prepared (3 interaction contrasts)",-7.38504314260017e-05,0.00109016408974512,21.3835612176224,-0.0677424913558362,-0.00233849718389338,0.00219079632104138,0.946620061171755,"difference in the event-time change between contexts",1,0,0,0
