research_company,earnings_call_name,kaggle_company_name,historical_or_alias_name,match_method,match_evidence,manual_review_flag,notes,metadata_label,legacy_metadata_label
Alphabet,Alphabet Inc.,Google,Google (operating brand; Kaggle identifier),documented_brand_alias,"Kaggle has no 'Alphabet' row and files the parent's layoffs under the operating brand 'Google'. The 2023-01-20 record (12,000) cites nytimes.com/.../google-alphabet-layoffs.html, naming both. The listed entity holding the earnings calls is Alphabet Inc., so 'Alphabet' is canonical and 'Google' is the source identifier.",0,,Alphabet,Google
Amazon,"Amazon.com, Inc.",Amazon,,exact_name_match,"Seattle, 'Retail', Post-IPO; sources cite Amazon layoffs.",0,,Amazon,
Block,"Block, Inc.",Block,"Square, Inc. (pre-Dec 2021)",exact_name_match_with_rename_history,"Square, Inc. renamed to Block, Inc. in Dec 2021. Kaggle has no standalone 'Square' row, so the pre-rename period is unrepresented rather than filed elsewhere. Identity confirmed by sources citing 'afterpay-s-block' and 'block-layoffs-jack-dorsey'.",0,,Block,
Cisco,"Cisco Systems, Inc.",Cisco,,exact_name_match,"SF Bay Area, 'Infrastructure'; sources cite Cisco.",0,,Cisco,
Coinbase,"Coinbase Global, Inc.",Coinbase,,exact_name_match,"SF Bay Area, 'Crypto'; sources cite Coinbase.",0,,Coinbase,
Dell,Dell Technologies Inc.,Dell,,exact_name_match,"Austin, 'Hardware'; Bloomberg source names Dell.",0,,Dell,
DocuSign,"DocuSign, Inc.",DocuSign,,exact_name_match,"SF Bay Area, 'Sales'; sources cite DocuSign.",0,,DocuSign,
DoorDash,"DoorDash, Inc.",DoorDash,,exact_name_match,"SF Bay Area, 'Food'; Reuters source names DoorDash.",0,,DoorDash,
Dropbox,"Dropbox, Inc.",Dropbox,,exact_name_match,"SF Bay Area; a source is blog.dropbox.com, Dropbox's own domain.",0,,Dropbox,
IBM,International Business Machines Corporation,IBM,,exact_name_match,"New York City, 'Hardware'; sources cite IBM.",0,,IBM,
Intel,Intel Corporation,Intel,,exact_name_match,SF Bay Area / Sacramento; the 2024-08-01 record cites intel.com.,0,,Intel,
Lyft,"Lyft, Inc.",Lyft,,exact_name_match,"SF Bay Area, 'Transportation'; sources cite Lyft.",0,,Lyft,
Meta,"Meta Platforms, Inc.",Meta,"Facebook, Inc. (pre-Oct 2021)",exact_name_match_with_rename_history,"Facebook, Inc. renamed to Meta Platforms, Inc. in Oct 2021. Kaggle records only 'Meta' and has no 'Facebook' row, so no pre-rename records are stranded. The 2023-03-14 record cites about.fb.com.",0,,Meta,
Microsoft,Microsoft Corporation,Microsoft,,exact_name_match,"Seattle, Post-IPO; sources cite Microsoft.",0,,Microsoft,
PayPal,"PayPal Holdings, Inc.",PayPal,,exact_name_match,"SF Bay Area, 'Finance'; independent of eBay since the 2015 spin-off and never merged with it.",0,,PayPal,
SAP,SAP SE,SAP,,exact_name_match,"'SAP' rows are Walldorf, Germany, stage 'Post-IPO' -- SAP SE, the listed parent. 'SAP Labs' is a separate Kaggle entity (Bengaluru, stage recorded as 'Subsidiary') and is NOT merged in.",0,,SAP,
Salesforce,"Salesforce, Inc.",Salesforce,"salesforce.com, inc. (pre-Apr 2022)",exact_name_match_with_rename_history,"salesforce.com renamed to Salesforce, Inc. in Apr 2022; Kaggle uses 'Salesforce' throughout, so the rename does not split the records.",0,,Salesforce,
Shopify,Shopify Inc.,Shopify,,exact_name_match,"Ottawa, Canada, 'Retail'; sources cite Shopify.",0,,Shopify,
Snap,Snap Inc.,Snap,,exact_name_match,"Los Angeles, 'Consumer'; a source is newsroom.snap.com.",0,,Snap,
Spotify,Spotify Technology S.A.,Spotify,,exact_name_match,"Stockholm, Sweden, 'Media'; sources cite Spotify.",0,,Spotify,
Twilio,Twilio Inc.,Twilio,,exact_name_match,SF Bay Area; sources cite Twilio.,0,,Twilio,
Zoom,"Zoom Communications, Inc.",Zoom,"Zoom Video Communications, Inc. (pre-Nov 2024)",exact_name_match_with_rename_history,Zoom Video Communications renamed to Zoom Communications in Nov 2024; Kaggle uses 'Zoom'.,0,,Zoom,
eBay,eBay Inc.,eBay,,exact_name_match,"SF Bay Area, 'Retail'; StubHub (sold 2020) and PayPal (spun off 2015) are separate entities, not merged in.",0,,eBay,
