research_company,kaggle_company_name,layoff_date,total_laid_off,location,source,number_of_eligible_events,selection_rule,selection_status,manual_review_flag,notes
Alphabet,Google,2023-01-20,12000.0,SF Bay Area,https://www.nytimes.com/2023/01/20/business/google-alphabet-layoffs.html,12,largest_valid_total_laid_off_on_a_SINGLE_eligible_event_row_with_event_date_2021-01-01_to_2024-12-31_no_aggregation,finalised,0,5 of 12 eligible events have no reported headcount and cannot compete for selection
Amazon,Amazon,2022-11-16,10000.0,Seattle,https://www.nytimes.com/2022/11/14/technology/amazon-layoffs.html,12,largest_valid_total_laid_off_on_a_SINGLE_eligible_event_row_with_event_date_2021-01-01_to_2024-12-31_no_aggregation,finalised,0,"4 of 12 eligible events have no reported headcount and cannot compete for selection; RETAINED 2022-11-16 / 10,000. The analytical rule operates on individual dataset event rows and does not aggregate announcements across dates, so a cumulative press figure cannot displace the largest single recorded event. The Kaggle row is not demonstrably erroneous -- 8,000 is consistent with the INCREMENTAL January figure on top of the ~10,000 November round. The focal date is therefore not changed on the basis of a cumulative newspaper headline."
Block,Block,2024-01-30,1000.0,SF Bay Area,https://www.businessinsider.com/block-layoffs-jack-dorsey-tech-industry-cuts-2024-1,2,largest_valid_total_laid_off_on_a_SINGLE_eligible_event_row_with_event_date_2021-01-01_to_2024-12-31_no_aggregation,finalised,0,1 of 2 eligible events have no reported headcount and cannot compete for selection
Cisco,Cisco,2024-08-09,5600.0,SF Bay Area,https://techcrunch.com/2024/09/17/ciscos-second-layoff-of-2024-affect-thousands-of-employees/,4,largest_valid_total_laid_off_on_a_SINGLE_eligible_event_row_with_event_date_2021-01-01_to_2024-12-31_no_aggregation,finalised,0,
Coinbase,Coinbase,2022-06-14,1100.0,SF Bay Area,https://www.cnbc.com/2022/06/14/coinbase-lays-off-18percent-as-execs-prepare-for-recession-crypto-winter.html,3,largest_valid_total_laid_off_on_a_SINGLE_eligible_event_row_with_event_date_2021-01-01_to_2024-12-31_no_aggregation,finalised,0,
Dell,Dell,2023-02-06,6650.0,Austin,https://www.bloomberg.com/news/articles/2023-02-06/dell-dell-lays-off-about-6-650-employees-in-latest-tech-cuts#xj4y7vzkg,4,largest_valid_total_laid_off_on_a_SINGLE_eligible_event_row_with_event_date_2021-01-01_to_2024-12-31_no_aggregation,finalised,0,2 of 4 eligible events have no reported headcount and cannot compete for selection
DocuSign,DocuSign,2023-02-16,680.0,SF Bay Area,https://www.cnbc.com/2023/02/16/docusign-layoffs-company-to-cut-10percent-of-workforce.html,3,largest_valid_total_laid_off_on_a_SINGLE_eligible_event_row_with_event_date_2021-01-01_to_2024-12-31_no_aggregation,finalised,0,"RETAINED 2023-02-16 / 680. A small margin is not evidence that the recorded value is wrong. There is no direct evidence against the Kaggle figure, so the maximum-valid-total rule stands. The margin is preserved as a QC note so any later robustness check can revisit it."
DoorDash,DoorDash,2022-11-30,1250.0,SF Bay Area,https://www.reuters.com/business/retail-consumer/doordash-cuts-1250-jobs-an-effort-rein-expenses-2022-11-30/,1,largest_valid_total_laid_off_on_a_SINGLE_eligible_event_row_with_event_date_2021-01-01_to_2024-12-31_no_aggregation,finalised,0,
Dropbox,Dropbox,2024-10-30,527.0,SF Bay Area,https://techcrunch.com/2024/10/30/dropbox-is-laying-off-20-of-its-staff/,3,largest_valid_total_laid_off_on_a_SINGLE_eligible_event_row_with_event_date_2021-01-01_to_2024-12-31_no_aggregation,finalised,0,RETAINED 2024-10-30 / 527. Same reasoning as DocuSign: margin size alone does not override the fixed selection rule.
IBM,IBM,2023-01-25,3900.0,New York City,https://www.bloomberg.com/news/articles/2023-01-25/ibm-to-cut-about-3-900-workers-still-hiring-in-higher-growth-areas,5,largest_valid_total_laid_off_on_a_SINGLE_eligible_event_row_with_event_date_2021-01-01_to_2024-12-31_no_aggregation,finalised,0,3 of 5 eligible events have no reported headcount and cannot compete for selection
Intel,Intel,2024-08-01,15000.0,SF Bay Area,https://www.intel.com/content/www/us/en/newsroom/news/actions-accelerate-our-progress.html#gs.cgq6eg,6,largest_valid_total_laid_off_on_a_SINGLE_eligible_event_row_with_event_date_2021-01-01_to_2024-12-31_no_aggregation,finalised,0,
Lyft,Lyft,2023-04-21,1072.0,SF Bay Area,https://www.cnbc.com/2023/04/27/lyft-layoffs-company-to-cut-1072-employees-or-26percent-of-its-workforce.html,4,largest_valid_total_laid_off_on_a_SINGLE_eligible_event_row_with_event_date_2021-01-01_to_2024-12-31_no_aggregation,finalised,0,
Meta,Meta,2022-11-09,11000.0,SF Bay Area,https://www.cnbc.com/2022/11/09/meta-to-lay-off-more-than-11000-thousand-employees.html,5,largest_valid_total_laid_off_on_a_SINGLE_eligible_event_row_with_event_date_2021-01-01_to_2024-12-31_no_aggregation,finalised,0,3 of 5 eligible events have no reported headcount and cannot compete for selection
Microsoft,Microsoft,2023-01-18,10000.0,Seattle,https://www.usatoday.com/story/money/2023/01/18/microsoft-layoffs-10000-employees-stock/11074235002/,9,largest_valid_total_laid_off_on_a_SINGLE_eligible_event_row_with_event_date_2021-01-01_to_2024-12-31_no_aggregation,finalised,0,3 of 9 eligible events have no reported headcount and cannot compete for selection
PayPal,PayPal,2024-01-30,2500.0,SF Bay Area,https://www.bloomberg.com/news/articles/2024-01-30/paypal-to-cut-around-2-500-jobs-as-rivals-snag-market-share,4,largest_valid_total_laid_off_on_a_SINGLE_eligible_event_row_with_event_date_2021-01-01_to_2024-12-31_no_aggregation,finalised,0,
SAP,SAP,2024-01-23,8000.0,"Walldorf, Non-U.S.",https://www.cnbc.com/2024/01/23/sap-plans-job-changes-or-buyouts-for-8000-employees-in-restructuring-plan.html,2,largest_valid_total_laid_off_on_a_SINGLE_eligible_event_row_with_event_date_2021-01-01_to_2024-12-31_no_aggregation,finalised,0,
Salesforce,Salesforce,2023-01-04,8000.0,SF Bay Area,https://www.nytimes.com/2023/01/04/business/salesforce-layoffs.html,6,largest_valid_total_laid_off_on_a_SINGLE_eligible_event_row_with_event_date_2021-01-01_to_2024-12-31_no_aggregation,finalised,0,
Shopify,Shopify,2023-05-04,2300.0,"Ottawa, Non-U.S.",https://www.cbc.ca/news/business/shopify-layoffs-1.6831842,4,largest_valid_total_laid_off_on_a_SINGLE_eligible_event_row_with_event_date_2021-01-01_to_2024-12-31_no_aggregation,finalised,0,
Snap,Snap,2022-08-31,1280.0,Los Angeles,https://www.theverge.com/2022/8/30/23329301/snap-layoffs-20-percent-employees-snapchat,4,largest_valid_total_laid_off_on_a_SINGLE_eligible_event_row_with_event_date_2021-01-01_to_2024-12-31_no_aggregation,finalised,0,
Spotify,Spotify,2023-12-04,1500.0,"Stockholm, Non-U.S.",https://www.cnbc.com/2023/12/04/spotify-to-lay-off-17percent-of-employees-ceo-daniel-ek-says.html,7,largest_valid_total_laid_off_on_a_SINGLE_eligible_event_row_with_event_date_2021-01-01_to_2024-12-31_no_aggregation,finalised,0,2 of 7 eligible events have no reported headcount and cannot compete for selection
Twilio,Twilio,2023-02-13,1500.0,SF Bay Area,https://www.cnbc.com/2023/02/13/twilio-layoffs-1500-employees-17percent-of-workforce.html,3,largest_valid_total_laid_off_on_a_SINGLE_eligible_event_row_with_event_date_2021-01-01_to_2024-12-31_no_aggregation,finalised,0,1 of 3 eligible events have no reported headcount and cannot compete for selection
Zoom,Zoom,2023-02-07,1300.0,SF Bay Area,https://www.cnbc.com/2023/02/07/zoom-to-lay-off-1300-employees-or-about-15percent-of-its-workforce.html,2,largest_valid_total_laid_off_on_a_SINGLE_eligible_event_row_with_event_date_2021-01-01_to_2024-12-31_no_aggregation,finalised,0,
eBay,eBay,2024-01-23,1000.0,SF Bay Area,https://www.cnbc.com/2024/01/23/ebay-to-slash-about-1000-roles-or-approximately-9percent-of-full-time-employees.html,4,largest_valid_total_laid_off_on_a_SINGLE_eligible_event_row_with_event_date_2021-01-01_to_2024-12-31_no_aggregation,finalised,0,1 of 4 eligible events have no reported headcount and cannot compete for selection
