research_company,event_position,call_exists_in_sample,call_date,file_name,substantive_prepared_management_flag,valid_prepared_observation,qa_observation_valid,non_membership_reason_code,non_membership_reason,in_core_sample,in_extended_sample,in_common_sample
Alphabet,pre_2,1,2022-07-26,Alphabet Inc._Earnings Call_2022-07-26T00_00_00_English.docx,1,1,1,,,1,1,1
Alphabet,pre_1,1,2022-10-25,Alphabet Inc._Earnings Call_2022-10-25T00_00_00_English.docx,1,1,1,,,1,1,1
Alphabet,post_1,1,2023-02-02,Alphabet Inc._Earnings Call_2023-02-02T00_00_00_English.docx,1,1,1,,,1,1,1
Alphabet,post_2,1,2023-04-25,Alphabet Inc._Earnings Call_2023-04-25T00_00_00_English.docx,1,1,1,,,1,1,1
Amazon,pre_2,1,2022-07-28,"Amazon.com, Inc._Earnings Call_2022-07-28T00_00_00_English.docx",1,1,1,,,1,1,1
Amazon,pre_1,1,2022-10-27,"Amazon.com, Inc._Earnings Call_2022-10-27T00_00_00_English.docx",1,1,1,,,1,1,1
Amazon,post_1,1,2023-02-02,"Amazon.com, Inc._Earnings Call_2023-02-02T00_00_00_English.docx",1,1,1,,,1,1,1
Amazon,post_2,1,2023-04-27,"Amazon.com, Inc._Earnings Call_2023-04-27T00_00_00_English.docx",1,1,1,,,1,1,1
Block,pre_2,1,2023-08-03,"Block, Inc._Earnings Call_2023-08-03T00_00_00_English.docx",1,1,1,,,1,1,1
Block,pre_1,1,2023-11-02,"Block, Inc._Earnings Call_2023-11-02T00_00_00_English.docx",1,1,1,,,1,1,1
Block,post_1,1,2024-02-22,"Block, Inc._Earnings Call_2024-02-22T00_00_00_English.docx",1,1,1,,,1,1,1
Block,post_2,1,2024-05-02,"Block, Inc._Earnings Call_2024-05-02T00_00_00_English.docx",1,1,1,,,1,1,1
Cisco,pre_2,1,2024-02-14,"Cisco Systems, Inc._Earnings Call_2024-02-14T00_00_00_English.docx",1,1,1,,,1,0,0
Cisco,pre_1,1,2024-05-15,"Cisco Systems, Inc._Earnings Call_2024-05-15T00_00_00_English.docx",1,1,1,,,1,0,0
Cisco,post_1,1,2024-08-14,"Cisco Systems, Inc._Earnings Call_2024-08-14T00_00_00_English.docx",1,1,1,,,1,0,0
Cisco,post_2,0,,,,0,0,study_period_boundary,"No post_2 call exists. Cisco's fiscal year ends in July, so its post_1 (2024-08-14) is already the final eligible FY2021-FY2024 call; the next call is FY2025 FQ1, outside the fixed sample. Accepted as a study-period boundary condition (Entry 7); no post_2 is imputed.",1,0,0
Coinbase,pre_2,1,2022-02-24,"Coinbase Global, Inc._Earnings Call_2022-02-24T00_00_00_English.docx",1,1,1,,,1,1,1
Coinbase,pre_1,1,2022-05-10,"Coinbase Global, Inc._Earnings Call_2022-05-10T00_00_00_English.docx",1,1,1,,,1,1,1
Coinbase,post_1,1,2022-08-09,"Coinbase Global, Inc._Earnings Call_2022-08-09T00_00_00_English.docx",1,1,1,,,1,1,1
Coinbase,post_2,1,2022-11-03,"Coinbase Global, Inc._Earnings Call_2022-11-03T00_00_00_English.docx",1,1,1,,,1,1,1
Dell,pre_2,1,2022-08-25,Dell Technologies Inc._Earnings Call_2022-08-25T00_00_00_English.docx,1,1,1,,,1,1,1
Dell,pre_1,1,2022-11-21,Dell Technologies Inc._Earnings Call_2022-11-21T00_00_00_English.docx,1,1,1,,,1,1,1
Dell,post_1,1,2023-03-02,Dell Technologies Inc._Earnings Call_2023-03-02T00_00_00_English.docx,1,1,1,,,1,1,1
Dell,post_2,1,2023-06-01,Dell Technologies Inc._Earnings Call_2023-06-01T00_00_00_English.docx,1,1,1,,,1,1,1
DocuSign,pre_2,1,2022-09-08,"DocuSign, Inc._Earnings Call_2022-09-08T00_00_00_English.docx",1,1,1,,,1,1,1
DocuSign,pre_1,1,2022-12-08,"DocuSign, Inc._Earnings Call_2022-12-08T00_00_00_English.docx",1,1,1,,,1,1,1
DocuSign,post_1,1,2023-03-09,"DocuSign, Inc._Earnings Call_2023-03-09T00_00_00_English.docx",1,1,1,,,1,1,1
DocuSign,post_2,1,2023-06-08,"DocuSign, Inc._Earnings Call_2023-06-08T00_00_00_English.docx",1,1,1,,,1,1,1
DoorDash,pre_2,1,2022-08-04,"DoorDash, Inc._Earnings Call_2022-08-04T00_00_00_English.docx",0,0,1,disclosure_format,"The pre_2 call (2022-08-04) exists but its Presentation is the IR introduction and safe-harbour script only. DoorDash publishes a shareholder letter and, in the CEO's own words, '[quote removed]'.",0,0,0
DoorDash,pre_1,1,2022-11-03,"DoorDash, Inc._Earnings Call_2022-11-03T00_00_00_English.docx",0,0,1,disclosure_format,The pre_1 call (2022-11-03) exists but its Presentation is the IR introduction and safe-harbour script only (same disclosure format).,0,0,0
DoorDash,post_1,1,2023-02-16,"DoorDash, Inc._Earnings Call_2023-02-16T00_00_00_English.docx",1,1,1,,,0,0,0
DoorDash,post_2,1,2023-05-04,"DoorDash, Inc._Earnings Call_2023-05-04T00_00_00_English.docx",0,0,1,disclosure_format,The post_2 call (2023-05-04) exists but its Presentation is the IR introduction and safe-harbour script only (same disclosure format).,0,0,0
Dropbox,pre_2,1,2024-05-09,"Dropbox, Inc._Earnings Call_2024-05-09T00_00_00_English.docx",1,1,1,,,1,1,1
Dropbox,pre_1,1,2024-08-08,"Dropbox, Inc._Earnings Call_2024-08-08T00_00_00_English.docx",1,1,1,,,1,1,1
Dropbox,post_1,1,2024-11-07,"Dropbox, Inc._Earnings Call_2024-11-07T00_00_00_English.docx",1,1,1,,,1,1,1
Dropbox,post_2,1,2025-02-20,"Dropbox, Inc._Earnings Call_2025-02-20T00_00_00_English.docx",1,1,1,,,1,1,1
IBM,pre_2,1,2022-07-18,International Business Machines Corporation_Earnings Call_2022-07-18T00_00_00_English.docx,1,1,1,,,1,1,1
IBM,pre_1,1,2022-10-19,International Business Machines Corporation_Earnings Call_2022-10-19T00_00_00_English.docx,1,1,1,,,1,1,1
IBM,post_1,1,2023-04-19,International Business Machines Corporation_Earnings Call_2023-04-19T00_00_00_English.docx,1,1,1,,,1,1,1
IBM,post_2,1,2023-07-19,International Business Machines Corporation_Earnings Call_2023-07-19T00_00_00_English.docx,1,1,1,,,1,1,1
Intel,pre_2,1,2024-01-25,Intel Corporation_Earnings Call_2024-01-25T00_00_00_English.docx,1,1,1,,,1,1,1
Intel,pre_1,1,2024-04-25,Intel Corporation_Earnings Call_2024-04-25T00_00_00_English.docx,1,1,1,,,1,1,1
Intel,post_1,1,2024-10-31,Intel Corporation_Earnings Call_2024-10-31T00_00_00_English.docx,1,1,1,,,1,1,1
Intel,post_2,1,2025-01-30,Intel Corporation_Earnings Call_2025-01-30T00_00_00_English.docx,1,1,1,,,1,1,1
Lyft,pre_2,1,2022-11-07,"Lyft, Inc._Earnings Call_2022-11-07T00_00_00_English.docx",1,1,1,,,1,1,1
Lyft,pre_1,1,2023-02-09,"Lyft, Inc._Earnings Call_2023-02-09T00_00_00_English.docx",1,1,1,,,1,1,1
Lyft,post_1,1,2023-05-04,"Lyft, Inc._Earnings Call_2023-05-04T00_00_00_English.docx",1,1,1,,,1,1,1
Lyft,post_2,1,2023-08-08,"Lyft, Inc._Earnings Call_2023-08-08T00_00_00_English.docx",1,1,1,,,1,1,1
Meta,pre_2,1,2022-07-27,"Meta Platforms, Inc._Earnings Call_2022-07-27T00_00_00_English.docx",1,1,1,,,1,1,1
Meta,pre_1,1,2022-10-26,"Meta Platforms, Inc._Earnings Call_2022-10-26T00_00_00_English.docx",1,1,1,,,1,1,1
Meta,post_1,1,2023-02-01,"Meta Platforms, Inc._Earnings Call_2023-02-01T00_00_00_English.docx",1,1,1,,,1,1,1
Meta,post_2,1,2023-04-26,"Meta Platforms, Inc._Earnings Call_2023-04-26T00_00_00_English.docx",1,1,1,,,1,1,1
Microsoft,pre_2,1,2022-07-26,Microsoft Corporation_Earnings Call_2022-07-26T00_00_00_English.docx,1,1,1,,,1,1,1
Microsoft,pre_1,1,2022-10-25,Microsoft Corporation_Earnings Call_2022-10-25T00_00_00_English.docx,1,1,1,,,1,1,1
Microsoft,post_1,1,2023-01-24,Microsoft Corporation_Earnings Call_2023-01-24T00_00_00_English.docx,1,1,1,,,1,1,1
Microsoft,post_2,1,2023-04-25,Microsoft Corporation_Earnings Call_2023-04-25T00_00_00_English.docx,1,1,1,,,1,1,1
PayPal,pre_2,1,2023-08-02,"PayPal Holdings, Inc._Earnings Call_2023-08-02T00_00_00_English.docx",1,1,1,,,1,1,1
PayPal,pre_1,1,2023-11-01,"PayPal Holdings, Inc._Earnings Call_2023-11-01T00_00_00_English.docx",1,1,1,,,1,1,1
PayPal,post_1,1,2024-02-07,"PayPal Holdings, Inc._Earnings Call_2024-02-07T00_00_00_English.docx",1,1,1,,,1,1,1
PayPal,post_2,1,2024-04-30,"PayPal Holdings, Inc._Earnings Call_2024-04-30T00_00_00_English.docx",1,1,1,,,1,1,1
SAP,pre_2,1,2023-07-20,SAP SE_Earnings Call_2023-07-20T00_00_00_English.docx,1,1,1,,,1,1,1
SAP,pre_1,1,2023-10-18,SAP SE_Earnings Call_2023-10-18T00_00_00_English.docx,1,1,1,,,1,1,1
SAP,post_1,1,2024-01-24,SAP SE_Earnings Call_2024-01-24T00_00_00_English.docx,1,1,1,,,1,1,1
SAP,post_2,1,2024-04-22,SAP SE_Earnings Call_2024-04-22T00_00_00_English.docx,1,1,1,,,1,1,1
Salesforce,pre_2,1,2022-08-24,"Salesforce, Inc._Earnings Call_2022-08-24T00_00_00_English.docx",1,1,1,,,1,1,1
Salesforce,pre_1,1,2022-11-30,"Salesforce, Inc._Earnings Call_2022-11-30T00_00_00_English.docx",1,1,1,,,1,1,1
Salesforce,post_1,1,2023-03-01,"Salesforce, Inc._Earnings Call_2023-03-01T00_00_00_English.docx",1,1,1,,,1,1,1
Salesforce,post_2,1,2023-05-31,"Salesforce, Inc._Earnings Call_2023-05-31T00_00_00_English.docx",1,1,1,,,1,1,1
Shopify,pre_2,1,2022-10-27,Shopify Inc._Earnings Call_2022-10-27T00_00_00_English.docx,1,1,1,,,1,1,1
Shopify,pre_1,1,2023-02-15,Shopify Inc._Earnings Call_2023-02-15T00_00_00_English.docx,1,1,1,,,1,1,1
Shopify,post_1,1,2023-08-02,Shopify Inc._Earnings Call_2023-08-02T00_00_00_English.docx,1,1,1,,,1,1,1
Shopify,post_2,1,2023-11-02,Shopify Inc._Earnings Call_2023-11-02T00_00_00_English.docx,1,1,1,,,1,1,1
Snap,pre_2,1,2022-04-21,Snap Inc._Earnings Call_2022-04-21T00_00_00_English.docx,1,1,1,,,0,1,0
Snap,pre_1,1,2022-07-21,Snap Inc._Earnings Call_2022-07-21T00_00_00_English.docx,0,0,1,prepared_context_non_substantive,"The pre_1 call (2022-07-21) EXISTS and its managerial_qa context is valid, but its Presentation is the Head of Investor Relations' introduction plus forward-looking boilerplate only -- no executive prepared remarks. Excluded by the prepared-context validity rule (Entry 13/14), not by absence of a call.",0,1,0
Snap,post_1,1,2022-10-20,Snap Inc._Earnings Call_2022-10-20T00_00_00_English.docx,1,1,1,,,0,1,0
Snap,post_2,1,2023-01-31,Snap Inc._Earnings Call_2023-01-31T00_00_00_English.docx,1,1,1,,,0,1,0
Spotify,pre_2,1,2023-07-25,Spotify Technology S.A._Earnings Call_2023-07-25T00_00_00_English.docx,1,1,1,,,1,1,1
Spotify,pre_1,1,2023-10-24,Spotify Technology S.A._Earnings Call_2023-10-24T00_00_00_English.docx,1,1,1,,,1,1,1
Spotify,post_1,1,2024-02-06,Spotify Technology S.A._Earnings Call_2024-02-06T00_00_00_English.docx,1,1,1,,,1,1,1
Spotify,post_2,1,2024-04-23,Spotify Technology S.A._Earnings Call_2024-04-23T00_00_00_English.docx,1,1,1,,,1,1,1
Twilio,pre_2,1,2022-05-04,Twilio Inc._Earnings Call_2022-05-04T00_00_00_English.docx,1,1,1,,,1,1,1
Twilio,pre_1,1,2022-08-04,Twilio Inc._Earnings Call_2022-08-04T00_00_00_English.docx,1,1,1,,,1,1,1
Twilio,post_1,1,2023-02-15,Twilio Inc._Earnings Call_2023-02-15T00_00_00_English.docx,1,1,1,,,1,1,1
Twilio,post_2,1,2023-05-09,Twilio Inc._Earnings Call_2023-05-09T00_00_00_English.docx,1,1,1,,,1,1,1
Zoom,pre_2,1,2022-08-22,"Zoom Communications, Inc._Earnings Call_2022-08-22T00_00_00_English.docx",1,1,1,,,1,1,1
Zoom,pre_1,1,2022-11-21,"Zoom Communications, Inc._Earnings Call_2022-11-21T00_00_00_English.docx",1,1,1,,,1,1,1
Zoom,post_1,1,2023-02-27,"Zoom Communications, Inc._Earnings Call_2023-02-27T00_00_00_English.docx",1,1,1,,,1,1,1
Zoom,post_2,1,2023-05-22,"Zoom Communications, Inc._Earnings Call_2023-05-22T00_00_00_English.docx",1,1,1,,,1,1,1
eBay,pre_2,1,2023-07-26,eBay Inc._Earnings Call_2023-07-26T00_00_00_English.docx,1,1,1,,,1,1,1
eBay,pre_1,1,2023-11-07,eBay Inc._Earnings Call_2023-11-07T00_00_00_English.docx,1,1,1,,,1,1,1
eBay,post_1,1,2024-02-27,eBay Inc._Earnings Call_2024-02-27T00_00_00_English.docx,1,1,1,,,1,1,1
eBay,post_2,1,2024-05-01,eBay Inc._Earnings Call_2024-05-01T00_00_00_English.docx,1,1,1,,,1,1,1
