communication_context,measure,fiscal_year,n,mean,sd,median,q1,q3,iqr,min,max,se
prepared_management,fog_index,2021,87,15.383033740534541,1.409328817477748,15.128032436501003,14.281274121691325,16.51812511119318,2.2368509895018533,12.257080998471729,19.20927619389158,0.15109590909260204
prepared_management,fog_index,2022,87,15.34518200164527,1.3923515161953495,15.31719275856036,14.326035100819416,16.38144645272371,2.0554113519042954,12.274377732824233,19.089016874270865,0.1492757513413443
prepared_management,fog_index,2023,88,15.464239463216767,1.3258748294073288,15.385065240897173,14.683668675051331,16.51653944412753,1.8328707690761998,11.861950736808325,18.925039872408295,0.14133873171375763
prepared_management,fog_index,2024,88,15.322567984136725,1.3453900278678035,15.335232582068446,14.553450574665325,16.342097085237505,1.78864651057218,12.422615564495572,18.82811797170338,0.1434190588595552
prepared_management,fog_index,ALL,350,15.378839499819291,1.3636451172993365,15.276927849637602,14.402517835332437,16.417286911199227,2.0147690758667895,11.861950736808325,19.20927619389158,0.07288989751544685
prepared_management,lm_positive,2021,87,0.0226828724382046,0.005751086173706215,0.0229007633587786,0.019074903519665,0.02642966400217895,0.007354760482513951,0.0063492063492063,0.0356576862123613,0.0006165811575762764
prepared_management,lm_positive,2022,87,0.022669132984306305,0.005751925175157052,0.0220048899755501,0.01808590243229895,0.02649436420256855,0.0084084617702696,0.0103092783505154,0.0387096774193548,0.0006166711079734953
prepared_management,lm_positive,2023,88,0.024891608105849807,0.005675312941222554,0.0253192600363372,0.022478207898939676,0.028352576952749276,0.0058743690538096,0.0063795853269537,0.0407960199004975,0.0006049903923054575
prepared_management,lm_positive,2024,88,0.02558111192768224,0.005611468583486313,0.02572042377595895,0.022396156407355976,0.028879141050952524,0.006482984643596548,0.0096899224806201,0.0395381385584324,0.0005981845609031422
prepared_management,lm_positive,ALL,350,0.02396349667059791,0.005821101157416528,0.02428960675166135,0.0199740040273626,0.027796076052551,0.007822072025188403,0.0063492063492063,0.0407960199004975,0.00031115094492579847
prepared_management,lm_negative,2021,87,0.006224654675338432,0.002369606314485542,0.0056410256410256,0.0043871441474957005,0.0078856722693577,0.0034985281218619987,0.0022065313327449,0.0148011100832562,0.00025404846323907394
prepared_management,lm_negative,2022,87,0.007264117931946151,0.003188620241708077,0.0065876152832674,0.0050593356599955,0.00931303707531735,0.004253701415321849,0.0017196904557179,0.0179372197309417,0.00034185597299727483
prepared_management,lm_negative,2023,88,0.006350734063482866,0.002708074987290149,0.0055569994518912,0.004319965527425525,0.008117366723642749,0.0037974011962172236,0.0,0.0147523709167544,0.00028868176361748516
prepared_management,lm_negative,2024,88,0.005592585058597651,0.0025622050298478266,0.004998102189113399,0.0038375489748096996,0.006660515608334375,0.002822966633524675,0.0020167098818784,0.0192122958693563,0.0002731319739067524
prepared_management,lm_negative,ALL,350,0.0063558151416481246,0.0027767932640010936,0.00570136303685875,0.004336043785186725,0.007938870930137273,0.0036028271449505484,0.0,0.0192122958693563,0.00014842584325419736
prepared_management,lm_uncertainty,2021,87,0.009303124232508899,0.004806520258000888,0.0088945362134688,0.0055133946664505,0.01141089828128305,0.00589750361483255,0.0019314340898116,0.0263157894736842,0.0005153130617554544
prepared_management,lm_uncertainty,2022,87,0.009116513572683765,0.004025818235794603,0.008381689232753,0.0065129169725398495,0.011654330004054851,0.005141413031515002,0.0,0.0257731958762886,0.0004316130193573971
prepared_management,lm_uncertainty,2023,88,0.008020517378287888,0.0033963414495391015,0.0074534883380943506,0.005747809042704425,0.01033015229839275,0.0045823432556883256,0.0020134228187919,0.0157790927021696,0.00036205121501499437
prepared_management,lm_uncertainty,2024,88,0.00757028061242914,0.0028095923605448393,0.00739466373226275,0.005918938452576925,0.008537119460599051,0.002618181008022126,0.001759014951627,0.0182734719596723,0.0002995035519677051
prepared_management,lm_uncertainty,ALL,350,0.008498567749242457,0.003880907930172831,0.00781418827837445,0.005878035094924525,0.0108254234181018,0.004947388323177275,0.0,0.0263157894736842,0.00020744325463315343
managerial_qa,fog_index,2021,92,12.434266464233676,1.15447466637821,12.374032263057941,11.708972715389176,13.067683623761077,1.3587109083719007,10.34000757751022,16.15885609134376,0.12036230430179468
managerial_qa,fog_index,2022,91,12.24398432906539,1.208252175628052,12.21513096504627,11.436460007182466,12.698793498325745,1.2623334911432789,9.911227032979774,16.065114881803304,0.1266592434647155
managerial_qa,fog_index,2023,92,12.39190439394963,1.2064572102238442,12.236838311564103,11.499301168514972,13.20523878760893,1.7059376190939588,9.739864149646314,15.43748131414619,0.125781859137379
managerial_qa,fog_index,2024,92,12.267244949884358,1.231039501318028,12.15373594897397,11.45198707850642,13.204744823173542,1.7527577446671216,9.422636421778408,15.747785661854662,0.12834474014922106
managerial_qa,fog_index,ALL,367,12.334596262362876,1.1981495256961785,12.253509041561756,11.47153003984063,13.038868794248039,1.5673387544074089,9.422636421778408,16.15885609134376,0.06254289614423791
managerial_qa,lm_positive,2021,92,0.018496599033790962,0.004576927042904311,0.0182323733618982,0.015733700738848402,0.020972912447781926,0.0052392117089335236,0.0091127098321342,0.0330102174482577,0.00047717763026658617
managerial_qa,lm_positive,2022,91,0.01798298229728176,0.004354561236383323,0.0175401069518716,0.0152453957364024,0.02048269297548385,0.005237297239081451,0.0082272282076395,0.0303239145416953,0.0004564820514677687
managerial_qa,lm_positive,2023,92,0.019676035292387706,0.005179422099346326,0.01969149445490135,0.015925541159282852,0.0226288428982668,0.006703301738983949,0.0098039215686274,0.0338192419825072,0.0005399920820997316
managerial_qa,lm_positive,2024,92,0.020162292586211737,0.0051491132188132265,0.0206157039086821,0.016131007059551127,0.023273652786621975,0.0071426457270708475,0.0086932136848008,0.037112874328129,0.0005368321628671891
managerial_qa,lm_positive,ALL,367,0.019082465027227675,0.004888953488377196,0.0187074829931972,0.01572497578411705,0.0222089527831842,0.006483976999067147,0.0082272282076395,0.037112874328129,0.00025520129476320493
managerial_qa,lm_negative,2021,92,0.006295619589446652,0.0025291466963726257,0.0057801494837672,0.0046534432279281,0.0077566630620680005,0.0031032198341399003,0.0019986675549633,0.0144065858678252,0.00026368177072926224
managerial_qa,lm_negative,2022,91,0.007333431197260289,0.0024730643695888596,0.0075309306078536,0.0054860697505128,0.00899926881302435,0.0035131990625115505,0.0025880947640852,0.0137120470127326,0.00025924758788772515
managerial_qa,lm_negative,2023,92,0.006637471722194638,0.0023644953047669438,0.0064627576344078,0.0049588046202046,0.008060263772124024,0.003101459151919424,0.0020104543626859,0.0127635960044395,0.0002465156765070919
managerial_qa,lm_negative,2024,92,0.005535179148403034,0.0018986267965269892,0.00528484682302525,0.0043227322989237,0.0067574647469053496,0.0024347324479816494,0.0015878056525881,0.0123992560446373,0.00019794552699544304
managerial_qa,lm_negative,ALL,367,0.00644801940401843,0.002408304777488951,0.006050605060506,0.00466665210954215,0.007878381145279799,0.003211729035737649,0.0015878056525881,0.0144065858678252,0.00012571248608945126
managerial_qa,lm_uncertainty,2021,92,0.005133533310828309,0.001693503330034596,0.0051052316019607,0.0039102768614755505,0.00631505113040185,0.0024047742689262998,0.0009675858732462,0.0094572368421052,0.00017655992728293437
managerial_qa,lm_uncertainty,2022,91,0.005455744094666117,0.002153317227066449,0.0054992764109985,0.00396027959255675,0.006786908042869751,0.0028266284503130007,0.0004215851602023,0.0155038759689922,0.00022572897977858464
managerial_qa,lm_uncertainty,2023,92,0.005246173442858346,0.0020700879273166817,0.0052240337481995,0.003544862537805425,0.0068954996577247005,0.0033506371199192755,0.0013731548232063,0.0101070154577883,0.00021582158560553115
managerial_qa,lm_uncertainty,2024,92,0.005024172547484356,0.002019299692104965,0.00472766109788055,0.0034003961734669,0.006269006799745475,0.002868610626278575,0.0012399256044637,0.0119808306709265,0.00021052654605244913
managerial_qa,lm_uncertainty,ALL,367,0.005214249613957356,0.001989477556164491,0.0051260145237078,0.0037883189900981,0.0065894128582172,0.0028010938681190998,0.0004215851602023,0.0155038759689922,0.00010384988309717853
