file_name,firm,prepared_finbert_positive_sentence_share,qa_finbert_positive_sentence_share,diff_finbert_positive_sentence_share,prepared_finbert_negative_sentence_share,qa_finbert_negative_sentence_share,diff_finbert_negative_sentence_share
Alphabet Inc._Earnings Call_2021-04-27T00_00_00_English.docx,Alphabet,0.41089108910891087,0.34210526315789475,-0.06878582595101612,0.019801980198019802,0.05263157894736842,0.03282959874934861
Alphabet Inc._Earnings Call_2021-07-27T00_00_00_English.docx,Alphabet,0.49489795918367346,0.336734693877551,-0.15816326530612246,0.061224489795918366,0.0,-0.061224489795918366
Alphabet Inc._Earnings Call_2021-10-26T00_00_00_English.docx,Alphabet,0.4928909952606635,0.313953488372093,-0.17893750688857046,0.04265402843601896,0.011627906976744186,-0.031026121459274775
Alphabet Inc._Earnings Call_2022-02-01T00_00_00_English.docx,Alphabet,0.5339366515837104,0.32432432432432434,-0.20961232725938606,0.04072398190045249,0.043243243243243246,0.002519261342790756
Alphabet Inc._Earnings Call_2022-04-26T00_00_00_English.docx,Alphabet,0.4858490566037736,0.3181818181818182,-0.1676672384219554,0.05188679245283019,0.11363636363636363,0.06174957118353344
Alphabet Inc._Earnings Call_2022-07-26T00_00_00_English.docx,Alphabet,0.4325581395348837,0.38686131386861317,-0.045696825666270535,0.06046511627906977,0.08759124087591241,0.027126124596842646
Alphabet Inc._Earnings Call_2022-10-25T00_00_00_English.docx,Alphabet,0.38839285714285715,0.362962962962963,-0.025429894179894164,0.12946428571428573,0.1037037037037037,-0.025760582010582025
Alphabet Inc._Earnings Call_2023-02-02T00_00_00_English.docx,Alphabet,0.4713114754098361,0.4224137931034483,-0.0488976823063878,0.10245901639344263,0.034482758620689655,-0.06797625777275297
Alphabet Inc._Earnings Call_2023-04-25T00_00_00_English.docx,Alphabet,0.4669603524229075,0.36477987421383645,-0.10218047820907106,0.05726872246696035,0.031446540880503145,-0.02582218158645721
Alphabet Inc._Earnings Call_2023-07-25T00_00_00_English.docx,Alphabet,0.5076335877862596,0.40425531914893614,-0.10337826863732341,0.04580152671755725,0.014184397163120567,-0.031617129554436685
Alphabet Inc._Earnings Call_2023-10-24T00_00_00_English.docx,Alphabet,0.4479638009049774,0.4881889763779528,0.04022517547297538,0.03167420814479638,0.0,-0.03167420814479638
Alphabet Inc._Earnings Call_2024-01-30T00_00_00_English.docx,Alphabet,0.546875,0.4326241134751773,-0.11425088652482268,0.01953125,0.014184397163120567,-0.005346852836879433
Alphabet Inc._Earnings Call_2024-04-25T00_00_00_English.docx,Alphabet,0.5118110236220472,0.4375,-0.07431102362204722,0.023622047244094488,0.017857142857142856,-0.005764904386951632
Alphabet Inc._Earnings Call_2024-07-23T00_00_00_English.docx,Alphabet,0.5140562248995983,0.38562091503267976,-0.1284353098669186,0.020080321285140562,0.0457516339869281,0.02567131270178754
Alphabet Inc._Earnings Call_2024-10-29T00_00_00_English.docx,Alphabet,0.5254901960784314,0.40932642487046633,-0.11616377120796506,0.023529411764705882,0.015544041450777202,-0.00798537031392868
Alphabet Inc._Earnings Call_2025-02-04T00_00_00_English.docx,Alphabet,0.48314606741573035,0.4605263157894737,-0.02261975162625668,0.03745318352059925,0.013157894736842105,-0.024295288783757148
"Amazon.com, Inc._Earnings Call_2021-04-29T00_00_00_English.docx",Amazon,0.46551724137931033,0.46060606060606063,-0.0049111807732497015,0.034482758620689655,0.01818181818181818,-0.016300940438871474
"Amazon.com, Inc._Earnings Call_2021-07-29T00_00_00_English.docx",Amazon,0.3611111111111111,0.42391304347826086,0.06280193236714976,0.1111111111111111,0.09782608695652174,-0.013285024154589362
"Amazon.com, Inc._Earnings Call_2021-10-28T00_00_00_English.docx",Amazon,0.4117647058823529,0.30303030303030304,-0.10873440285204988,0.17647058823529413,0.08225108225108226,-0.09421950598421187
"Amazon.com, Inc._Earnings Call_2022-02-03T00_00_00_English.docx",Amazon,0.4166666666666667,0.3439153439153439,-0.07275132275132279,0.08333333333333333,0.09523809523809523,0.011904761904761904
"Amazon.com, Inc._Earnings Call_2022-04-28T00_00_00_English.docx",Amazon,0.24742268041237114,0.22627737226277372,-0.02114530814959742,0.15463917525773196,0.11678832116788321,-0.03785085408984876
"Amazon.com, Inc._Earnings Call_2022-07-28T00_00_00_English.docx",Amazon,0.2653061224489796,0.3333333333333333,0.0680272108843537,0.14285714285714285,0.08928571428571429,-0.05357142857142856
"Amazon.com, Inc._Earnings Call_2022-10-27T00_00_00_English.docx",Amazon,0.3815789473684211,0.27388535031847133,-0.10769359704994974,0.09210526315789473,0.16560509554140126,0.07349983238350653
"Amazon.com, Inc._Earnings Call_2023-02-02T00_00_00_English.docx",Amazon,0.3563218390804598,0.28019323671497587,-0.07612860236548391,0.11494252873563218,0.06280193236714976,-0.05214059636848242
"Amazon.com, Inc._Earnings Call_2023-04-27T00_00_00_English.docx",Amazon,0.4077669902912621,0.315,-0.09276699029126212,0.10679611650485436,0.045,-0.061796116504854365
"Amazon.com, Inc._Earnings Call_2023-08-03T00_00_00_English.docx",Amazon,0.5432098765432098,0.328125,-0.21508487654320985,0.043209876543209874,0.03125,-0.011959876543209874
"Amazon.com, Inc._Earnings Call_2023-10-26T00_00_00_English.docx",Amazon,0.5668789808917197,0.327683615819209,-0.2391953650725107,0.050955414012738856,0.07344632768361582,0.022490913670876966
"Amazon.com, Inc._Earnings Call_2024-02-01T00_00_00_English.docx",Amazon,0.5802469135802469,0.3869346733668342,-0.19331224021341276,0.037037037037037035,0.03015075376884422,-0.006886283268192815
"Amazon.com, Inc._Earnings Call_2024-04-30T00_00_00_English.docx",Amazon,0.5027932960893855,0.3489583333333333,-0.15383496275605218,0.055865921787709494,0.015625,-0.040240921787709494
"Amazon.com, Inc._Earnings Call_2024-08-01T00_00_00_English.docx",Amazon,0.5548780487804879,0.3959731543624161,-0.15890489441807176,0.054878048780487805,0.08053691275167785,0.025658863971190042
"Amazon.com, Inc._Earnings Call_2024-10-31T00_00_00_English.docx",Amazon,0.56,0.3803680981595092,-0.17963190184049083,0.02,0.06134969325153374,0.041349693251533745
"Amazon.com, Inc._Earnings Call_2025-02-06T00_00_00_English.docx",Amazon,0.5,0.319672131147541,-0.180327868852459,0.047058823529411764,0.09016393442622951,0.04310511089681775
"Block, Inc._Earnings Call_2021-05-06T00_00_00_English.docx",Block,0.43010752688172044,0.3803418803418803,-0.049765646539840114,0.021505376344086023,0.008547008547008548,-0.012958367797077475
"Block, Inc._Earnings Call_2021-08-02T00_00_00_English.docx",Block,0.45,0.49,0.03999999999999998,0.07,0.01,-0.060000000000000005
"Block, Inc._Earnings Call_2021-11-04T00_00_00_English.docx",Block,0.5054945054945055,0.44508670520231214,-0.06040780029219334,0.0,0.011560693641618497,0.011560693641618497
"Block, Inc._Earnings Call_2022-02-24T00_00_00_English.docx",Block,0.46621621621621623,0.4861878453038674,0.019971629087651155,0.04054054054054054,0.022099447513812154,-0.01844109302672839
"Block, Inc._Earnings Call_2022-05-05T00_00_00_English.docx",Block,0.4094488188976378,0.3915343915343915,-0.017914427363246277,0.031496062992125984,0.015873015873015872,-0.015623047119110112
"Block, Inc._Earnings Call_2022-08-04T00_00_00_English.docx",Block,0.4934210526315789,0.4576271186440678,-0.03579393398751113,0.05921052631578947,0.011299435028248588,-0.04791109128754088
"Block, Inc._Earnings Call_2022-11-03T00_00_00_English.docx",Block,0.34507042253521125,0.45664739884393063,0.11157697630871938,0.09154929577464789,0.017341040462427744,-0.07420825531222014
"Block, Inc._Earnings Call_2023-02-23T00_00_00_English.docx",Block,0.4444444444444444,0.3140096618357488,-0.13043478260869562,0.05925925925925926,0.043478260869565216,-0.015780998389694045
"Block, Inc._Earnings Call_2023-05-04T00_00_00_English.docx",Block,0.536,0.49047619047619045,-0.04552380952380958,0.072,0.05238095238095238,-0.019619047619047612
"Block, Inc._Earnings Call_2023-08-03T00_00_00_English.docx",Block,0.5588235294117647,0.42592592592592593,-0.1328976034858388,0.08823529411764706,0.0787037037037037,-0.009531590413943358
"Block, Inc._Earnings Call_2023-11-02T00_00_00_English.docx",Block,0.5051546391752577,0.4205607476635514,-0.08459389151170632,0.061855670103092786,0.0514018691588785,-0.010453800944214282
"Block, Inc._Earnings Call_2024-02-22T00_00_00_English.docx",Block,0.6086956521739131,0.40869565217391307,-0.2,0.10144927536231885,0.02608695652173913,-0.07536231884057971
"Block, Inc._Earnings Call_2024-05-02T00_00_00_English.docx",Block,0.5,0.48205128205128206,-0.01794871794871794,0.03571428571428571,0.005128205128205128,-0.030586080586080585
"Block, Inc._Earnings Call_2024-08-01T00_00_00_English.docx",Block,0.42857142857142855,0.413953488372093,-0.014617940199335544,0.0,0.018604651162790697,0.018604651162790697
"Block, Inc._Earnings Call_2024-11-07T00_00_00_English.docx",Block,0.4153846153846154,0.5185185185185185,0.10313390313390308,0.015384615384615385,0.013888888888888888,-0.0014957264957264974
"Block, Inc._Earnings Call_2025-02-20T00_00_00_English.docx",Block,0.47761194029850745,0.55,0.07238805970149259,0.014925373134328358,0.031818181818181815,0.016892808683853455
"Cisco Systems, Inc._Earnings Call_2020-11-12T00_00_00_English.docx",Cisco,0.5608108108108109,0.323943661971831,-0.23686714883897986,0.0945945945945946,0.04225352112676056,-0.05234107346783404
"Cisco Systems, Inc._Earnings Call_2021-02-09T00_00_00_English.docx",Cisco,0.5849056603773585,0.2819548872180451,-0.30295077315931335,0.05660377358490566,0.06390977443609022,0.00730600085118456
"Cisco Systems, Inc._Earnings Call_2021-05-19T00_00_00_English.docx",Cisco,0.6303030303030303,0.32222222222222224,-0.308080808080808,0.06060606060606061,0.05925925925925926,-0.0013468013468013462
"Cisco Systems, Inc._Earnings Call_2021-08-18T00_00_00_English.docx",Cisco,0.672514619883041,0.27340823970037453,-0.3991063801826664,0.05263157894736842,0.0599250936329588,0.007293514685590384
"Cisco Systems, Inc._Earnings Call_2021-11-17T00_00_00_English.docx",Cisco,0.6392405063291139,0.32038834951456313,-0.31885215681455076,0.056962025316455694,0.05825242718446602,0.0012904018680103269
"Cisco Systems, Inc._Earnings Call_2022-02-16T00_00_00_English.docx",Cisco,0.6258064516129033,0.2701612903225806,-0.35564516129032264,0.11612903225806452,0.06048387096774194,-0.055645161290322584
"Cisco Systems, Inc._Earnings Call_2022-05-18T00_00_00_English.docx",Cisco,0.49640287769784175,0.1557632398753894,-0.3406396378224523,0.15827338129496402,0.13395638629283488,-0.024316995002129138
"Cisco Systems, Inc._Earnings Call_2022-08-17T00_00_00_English.docx",Cisco,0.5886075949367089,0.2982456140350877,-0.2903619809016212,0.12025316455696203,0.07719298245614035,-0.04306018210082167
"Cisco Systems, Inc._Earnings Call_2022-11-16T00_00_00_English.docx",Cisco,0.5808823529411765,0.27692307692307694,-0.3039592760180996,0.09558823529411764,0.11153846153846154,0.015950226244343904
"Cisco Systems, Inc._Earnings Call_2023-02-15T00_00_00_English.docx",Cisco,0.5714285714285714,0.3138075313807531,-0.2576210400478183,0.08571428571428572,0.06694560669456066,-0.01876867901972505
"Cisco Systems, Inc._Earnings Call_2023-05-17T00_00_00_English.docx",Cisco,0.6119402985074627,0.28735632183908044,-0.32458397666838223,0.05223880597014925,0.09770114942528736,0.04546234345513811
"Cisco Systems, Inc._Earnings Call_2023-08-16T00_00_00_English.docx",Cisco,0.6194029850746269,0.2619047619047619,-0.35749822316986496,0.03731343283582089,0.05102040816326531,0.013706975327444415
"Cisco Systems, Inc._Earnings Call_2023-11-15T00_00_00_English.docx",Cisco,0.472,0.19101123595505617,-0.2809887640449438,0.072,0.09550561797752809,0.023505617977528093
"Cisco Systems, Inc._Earnings Call_2024-02-14T00_00_00_English.docx",Cisco,0.49612403100775193,0.19095477386934673,-0.3051692571384052,0.10852713178294573,0.11557788944723618,0.007050757664290447
"Cisco Systems, Inc._Earnings Call_2024-05-15T00_00_00_English.docx",Cisco,0.5104895104895105,0.29571984435797666,-0.21476966613153387,0.07692307692307693,0.03501945525291829,-0.04190362167015864
"Cisco Systems, Inc._Earnings Call_2024-08-14T00_00_00_English.docx",Cisco,0.5833333333333334,0.2607003891050584,-0.322632944228275,0.02564102564102564,0.0622568093385214,0.03661578369749576
"Coinbase Global, Inc._Earnings Call_2021-11-09T00_00_00_English.docx",Coinbase,0.2911392405063291,0.20491803278688525,-0.08622120771944386,0.06329113924050633,0.040983606557377046,-0.022307532683129287
"Coinbase Global, Inc._Earnings Call_2022-02-24T00_00_00_English.docx",Coinbase,0.33653846153846156,0.2781456953642384,-0.058392766174223176,0.057692307692307696,0.046357615894039736,-0.01133469179826796
"Coinbase Global, Inc._Earnings Call_2022-05-10T00_00_00_English.docx",Coinbase,0.2318840579710145,0.2452316076294278,0.01334754965841331,0.17391304347826086,0.043596730245231606,-0.13031631323302925
"Coinbase Global, Inc._Earnings Call_2022-08-09T00_00_00_English.docx",Coinbase,0.2903225806451613,0.22900763358778625,-0.06131494705737506,0.12903225806451613,0.08778625954198473,-0.0412459985225314
"Coinbase Global, Inc._Earnings Call_2022-11-03T00_00_00_English.docx",Coinbase,0.33620689655172414,0.25297619047619047,-0.08323070607553368,0.05172413793103448,0.0625,0.010775862068965518
"Coinbase Global, Inc._Earnings Call_2023-02-21T00_00_00_English.docx",Coinbase,0.25,0.2054794520547945,-0.04452054794520549,0.0967741935483871,0.03424657534246575,-0.06252761820592134
"Coinbase Global, Inc._Earnings Call_2023-05-04T00_00_00_English.docx",Coinbase,0.4247787610619469,0.24344569288389514,-0.18133306817805175,0.08849557522123894,0.00749063670411985,-0.08100493851711908
"Coinbase Global, Inc._Earnings Call_2023-08-03T00_00_00_English.docx",Coinbase,0.24796747967479674,0.19463087248322147,-0.053336607191575264,0.06504065040650407,0.06040268456375839,-0.00463796584274568
"Coinbase Global, Inc._Earnings Call_2023-11-02T00_00_00_English.docx",Coinbase,0.4017094017094017,0.22171945701357465,-0.17998994469582708,0.06837606837606838,0.05429864253393665,-0.01407742584213173
"Coinbase Global, Inc._Earnings Call_2024-02-15T00_00_00_English.docx",Coinbase,0.34,0.28688524590163933,-0.053114754098360695,0.04,0.045081967213114756,0.005081967213114755
"Coinbase Global, Inc._Earnings Call_2024-05-02T00_00_00_English.docx",Coinbase,0.46296296296296297,0.3125,-0.15046296296296297,0.009259259259259259,0.04326923076923077,0.03400997150997151
"Coinbase Global, Inc._Earnings Call_2024-08-01T00_00_00_English.docx",Coinbase,0.375,0.26953125,-0.10546875,0.09375,0.0234375,-0.0703125
"Coinbase Global, Inc._Earnings Call_2024-10-30T00_00_00_English.docx",Coinbase,0.3106796116504854,0.2608695652173913,-0.04981004643309411,0.06796116504854369,0.017391304347826087,-0.0505698607007176
"Coinbase Global, Inc._Earnings Call_2025-02-13T00_00_00_English.docx",Coinbase,0.487012987012987,0.2638888888888889,-0.2231240981240981,0.025974025974025976,0.024305555555555556,-0.0016684704184704198
Dell Technologies Inc._Earnings Call_2020-05-28T00_00_00_English.docx,Dell,0.41711229946524064,0.2904761904761905,-0.12663610898905014,0.18181818181818182,0.08571428571428572,-0.09610389610389611
Dell Technologies Inc._Earnings Call_2020-08-27T00_00_00_English.docx,Dell,0.4876847290640394,0.29533678756476683,-0.1923479414992726,0.12315270935960591,0.11917098445595854,-0.003981724903647371
Dell Technologies Inc._Earnings Call_2020-11-24T00_00_00_English.docx,Dell,0.5956284153005464,0.27598566308243727,-0.31964275221810917,0.1092896174863388,0.12544802867383512,0.01615841118749632
Dell Technologies Inc._Earnings Call_2021-02-25T00_00_00_English.docx,Dell,0.6358974358974359,0.3225806451612903,-0.31331679073614555,0.035897435897435895,0.1003584229390681,0.06446098704163221
Dell Technologies Inc._Earnings Call_2021-05-27T00_00_00_English.docx,Dell,0.59,0.31666666666666665,-0.2733333333333333,0.03,0.07222222222222222,0.04222222222222222
Dell Technologies Inc._Earnings Call_2021-08-26T00_00_00_English.docx,Dell,0.6050955414012739,0.3968871595330739,-0.20820838186819995,0.03184713375796178,0.0622568093385214,0.03040967558055962
Dell Technologies Inc._Earnings Call_2021-11-23T00_00_00_English.docx,Dell,0.6045197740112994,0.2774869109947644,-0.327032863016535,0.02824858757062147,0.193717277486911,0.16546868991628955
Dell Technologies Inc._Earnings Call_2022-02-24T00_00_00_English.docx,Dell,0.49142857142857144,0.20103092783505155,-0.2903976435935199,0.08,0.15979381443298968,0.07979381443298968
Dell Technologies Inc._Earnings Call_2022-05-26T00_00_00_English.docx,Dell,0.5118110236220472,0.30124223602484473,-0.2105687875972025,0.11023622047244094,0.10559006211180125,-0.004646158360639696
Dell Technologies Inc._Earnings Call_2022-08-25T00_00_00_English.docx,Dell,0.5081967213114754,0.3194444444444444,-0.188752276867031,0.16393442622950818,0.1423611111111111,-0.02157331511839708
Dell Technologies Inc._Earnings Call_2022-11-21T00_00_00_English.docx,Dell,0.46218487394957986,0.2737642585551331,-0.18842061539444677,0.17647058823529413,0.1520912547528517,-0.024379333482442422
Dell Technologies Inc._Earnings Call_2023-03-02T00_00_00_English.docx,Dell,0.5190839694656488,0.22926829268292684,-0.289815676782722,0.183206106870229,0.23414634146341465,0.05094023459318564
Dell Technologies Inc._Earnings Call_2023-06-01T00_00_00_English.docx,Dell,0.453781512605042,0.3155737704918033,-0.13820774211323872,0.18487394957983194,0.13524590163934427,-0.04962804794048767
Dell Technologies Inc._Earnings Call_2023-08-31T00_00_00_English.docx,Dell,0.584070796460177,0.311787072243346,-0.272283724216831,0.05309734513274336,0.07224334600760456,0.019146000874861194
Dell Technologies Inc._Earnings Call_2023-11-30T00_00_00_English.docx,Dell,0.48739495798319327,0.3081761006289308,-0.17921885735426246,0.13445378151260504,0.07547169811320754,-0.05898208339939749
Dell Technologies Inc._Earnings Call_2024-02-29T00_00_00_English.docx,Dell,0.5225225225225225,0.3951048951048951,-0.1274176274176274,0.0990990990990991,0.06293706293706294,-0.03616203616203616
"DocuSign, Inc._Earnings Call_2020-06-04T00_00_00_English.docx",DocuSign,0.2689075630252101,0.27147766323024053,0.0025701002050304567,0.01680672268907563,0.054982817869415807,0.03817609518034018
"DocuSign, Inc._Earnings Call_2020-09-03T00_00_00_English.docx",DocuSign,0.2867132867132867,0.2882882882882883,0.0015750015750015667,0.027972027972027972,0.03003003003003003,0.0020580020580020578
"DocuSign, Inc._Earnings Call_2020-12-03T00_00_00_English.docx",DocuSign,0.3548387096774194,0.2796610169491525,-0.07517769272826685,0.04032258064516129,0.03389830508474576,-0.006424275560415527
"DocuSign, Inc._Earnings Call_2021-03-11T00_00_00_English.docx",DocuSign,0.4097222222222222,0.3092369477911647,-0.10048527443105754,0.013888888888888888,0.024096385542168676,0.010207496653279788
"DocuSign, Inc._Earnings Call_2021-06-03T00_00_00_English.docx",DocuSign,0.4198473282442748,0.29118773946360155,-0.12865958878067324,0.022900763358778626,0.01532567049808429,-0.0075750928606943355
"DocuSign, Inc._Earnings Call_2021-09-02T00_00_00_English.docx",DocuSign,0.4863013698630137,0.32510288065843623,-0.16119848920457747,0.00684931506849315,0.03292181069958848,0.02607249563109533
"DocuSign, Inc._Earnings Call_2021-12-02T00_00_00_English.docx",DocuSign,0.4330708661417323,0.31417624521072796,-0.11889462093100434,0.03937007874015748,0.06896551724137931,0.02959543850122183
"DocuSign, Inc._Earnings Call_2022-03-10T00_00_00_English.docx",DocuSign,0.4838709677419355,0.2645739910313901,-0.21929697671054538,0.03870967741935484,0.06278026905829596,0.024070591638941125
"DocuSign, Inc._Earnings Call_2022-06-09T00_00_00_English.docx",DocuSign,0.48854961832061067,0.18309859154929578,-0.30545102677131486,0.015267175572519083,0.10328638497652583,0.08801920940400675
"DocuSign, Inc._Earnings Call_2022-09-08T00_00_00_English.docx",DocuSign,0.4714285714285714,0.3263157894736842,-0.1451127819548872,0.05,0.06842105263157895,0.01842105263157895
"DocuSign, Inc._Earnings Call_2022-12-08T00_00_00_English.docx",DocuSign,0.50920245398773,0.2714285714285714,-0.2377738825591586,0.08588957055214724,0.09523809523809523,0.00934852468594799
"DocuSign, Inc._Earnings Call_2023-03-09T00_00_00_English.docx",DocuSign,0.4759036144578313,0.3235294117647059,-0.1523742026931254,0.06626506024096386,0.07563025210084033,0.00936519185987647
"DocuSign, Inc._Earnings Call_2023-06-08T00_00_00_English.docx",DocuSign,0.4859154929577465,0.3409090909090909,-0.1450064020486556,0.056338028169014086,0.06818181818181818,0.011843790012804091
"DocuSign, Inc._Earnings Call_2023-09-07T00_00_00_English.docx",DocuSign,0.5214723926380368,0.38735177865612647,-0.13412061398191033,0.04294478527607362,0.05138339920948617,0.008438613933412546
"DocuSign, Inc._Earnings Call_2023-12-07T00_00_00_English.docx",DocuSign,0.5813953488372093,0.3905579399141631,-0.19083740892304624,0.023255813953488372,0.07725321888412018,0.05399740493063181
"DocuSign, Inc._Earnings Call_2024-03-07T00_00_00_English.docx",DocuSign,0.6107784431137725,0.43946188340807174,-0.17131655970570075,0.017964071856287425,0.04035874439461883,0.022394672538331408
"DoorDash, Inc._Earnings Call_2021-11-09T00_00_00_English.docx",DoorDash,0.2653061224489796,0.3487179487179487,0.08341182626896909,0.04081632653061224,0.010256410256410256,-0.030559916274201987
"DoorDash, Inc._Earnings Call_2023-02-16T00_00_00_English.docx",DoorDash,0.2631578947368421,0.35251798561151076,0.08936009087466867,0.0,0.039568345323741004,0.039568345323741004
"Dropbox, Inc._Earnings Call_2021-05-06T00_00_00_English.docx",Dropbox,0.5314285714285715,0.4772727272727273,-0.05415584415584418,0.022857142857142857,0.0,-0.022857142857142857
"Dropbox, Inc._Earnings Call_2021-08-05T00_00_00_English.docx",Dropbox,0.5401069518716578,0.5436893203883495,0.003582368516691692,0.0106951871657754,0.019417475728155338,0.008722288562379938
"Dropbox, Inc._Earnings Call_2021-11-04T00_00_00_English.docx",Dropbox,0.4507042253521127,0.3795620437956204,-0.07114218155649227,0.023474178403755867,0.051094890510948905,0.027620712107193038
"Dropbox, Inc._Earnings Call_2022-02-17T00_00_00_English.docx",Dropbox,0.4933920704845815,0.44881889763779526,-0.044573172846786246,0.01762114537444934,0.031496062992125984,0.013874917617676643
"Dropbox, Inc._Earnings Call_2022-05-05T00_00_00_English.docx",Dropbox,0.36075949367088606,0.4,0.03924050632911397,0.03164556962025317,0.058823529411764705,0.02717795979151154
"Dropbox, Inc._Earnings Call_2022-08-04T00_00_00_English.docx",Dropbox,0.4585635359116022,0.26548672566371684,-0.19307681024788537,0.08839779005524862,0.11504424778761062,0.026646457732362003
"Dropbox, Inc._Earnings Call_2022-11-03T00_00_00_English.docx",Dropbox,0.40372670807453415,0.2672413793103448,-0.13648532876418934,0.09316770186335403,0.12931034482758622,0.03614264296423218
"Dropbox, Inc._Earnings Call_2023-02-16T00_00_00_English.docx",Dropbox,0.3142857142857143,0.2631578947368421,-0.05112781954887219,0.1619047619047619,0.13533834586466165,-0.026566416040100266
"Dropbox, Inc._Earnings Call_2023-05-04T00_00_00_English.docx",Dropbox,0.4180790960451977,0.32926829268292684,-0.08881080336227087,0.14689265536723164,0.0975609756097561,-0.049331679757475544
"Dropbox, Inc._Earnings Call_2023-08-03T00_00_00_English.docx",Dropbox,0.4067796610169492,0.2857142857142857,-0.12106537530266348,0.06779661016949153,0.05263157894736842,-0.015165031222123107
"Dropbox, Inc._Earnings Call_2023-11-02T00_00_00_English.docx",Dropbox,0.3352601156069364,0.24358974358974358,-0.09167037201719283,0.15606936416184972,0.1282051282051282,-0.027864235956721523
"Dropbox, Inc._Earnings Call_2024-02-15T00_00_00_English.docx",Dropbox,0.30985915492957744,0.20512820512820512,-0.10473094980137232,0.1596244131455399,0.14743589743589744,-0.012188515709642467
"Dropbox, Inc._Earnings Call_2024-05-09T00_00_00_English.docx",Dropbox,0.37410071942446044,0.2611111111111111,-0.11298960831334931,0.05755395683453238,0.07222222222222222,0.014668265387689838
"Dropbox, Inc._Earnings Call_2024-08-08T00_00_00_English.docx",Dropbox,0.4,0.2631578947368421,-0.13684210526315793,0.06,0.06140350877192982,0.0014035087719298234
"Dropbox, Inc._Earnings Call_2024-11-07T00_00_00_English.docx",Dropbox,0.3137254901960784,0.3026315789473684,-0.011093911248710009,0.1437908496732026,0.06578947368421052,-0.07800137598899208
"Dropbox, Inc._Earnings Call_2025-02-20T00_00_00_English.docx",Dropbox,0.35911602209944754,0.30113636363636365,-0.057979658463083894,0.09392265193370165,0.08522727272727272,-0.008695379206428933
Intel Corporation_Earnings Call_2021-04-22T00_00_00_English.docx,Intel,0.547945205479452,0.44176706827309237,-0.10617813720635966,0.08904109589041095,0.0321285140562249,-0.05691258183418606
Intel Corporation_Earnings Call_2021-07-22T00_00_00_English.docx,Intel,0.575,0.35960591133004927,-0.2153940886699507,0.08125,0.10837438423645321,0.027124384236453206
Intel Corporation_Earnings Call_2021-10-21T00_00_00_English.docx,Intel,0.5654450261780105,0.4232558139534884,-0.14218921222452213,0.05759162303664921,0.04186046511627907,-0.015731157920370144
Intel Corporation_Earnings Call_2022-01-26T00_00_00_English.docx,Intel,0.5978260869565217,0.4079601990049751,-0.18986588795154663,0.07065217391304347,0.04975124378109453,-0.020900930131948943
Intel Corporation_Earnings Call_2022-04-28T00_00_00_English.docx,Intel,0.5494505494505495,0.44545454545454544,-0.10399600399600406,0.07692307692307693,0.04090909090909091,-0.03601398601398602
Intel Corporation_Earnings Call_2022-07-28T00_00_00_English.docx,Intel,0.4972972972972973,0.39015151515151514,-0.10714578214578219,0.21621621621621623,0.07196969696969698,-0.14424651924651927
Intel Corporation_Earnings Call_2022-10-27T00_00_00_English.docx,Intel,0.588957055214724,0.3761904761904762,-0.21276657902424778,0.15337423312883436,0.0761904761904762,-0.07718375693835816
Intel Corporation_Earnings Call_2023-01-26T00_00_00_English.docx,Intel,0.485,0.34439834024896265,-0.14060165975103733,0.17,0.12863070539419086,-0.041369294605809154
Intel Corporation_Earnings Call_2023-04-27T00_00_00_English.docx,Intel,0.4945054945054945,0.36909871244635195,-0.12540678205914257,0.13186813186813187,0.055793991416309016,-0.07607414045182286
Intel Corporation_Earnings Call_2023-07-27T00_00_00_English.docx,Intel,0.6445783132530121,0.35802469135802467,-0.2865536218949874,0.06626506024096386,0.04938271604938271,-0.016882344191581147
Intel Corporation_Earnings Call_2023-10-26T00_00_00_English.docx,Intel,0.6269430051813472,0.4189723320158103,-0.20797067316553686,0.04145077720207254,0.039525691699604744,-0.0019250855024677965
Intel Corporation_Earnings Call_2024-01-25T00_00_00_English.docx,Intel,0.6307692307692307,0.40825688073394495,-0.2225123500352858,0.07179487179487179,0.03211009174311927,-0.03968478005175252
Intel Corporation_Earnings Call_2024-04-25T00_00_00_English.docx,Intel,0.524390243902439,0.47703180212014135,-0.0473584417822977,0.10365853658536585,0.038869257950530034,-0.06478927863483581
Intel Corporation_Earnings Call_2024-08-01T00_00_00_English.docx,Intel,0.5238095238095238,0.3816793893129771,-0.1421301344965467,0.19576719576719576,0.08778625954198473,-0.10798093622521103
Intel Corporation_Earnings Call_2024-10-31T00_00_00_English.docx,Intel,0.515527950310559,0.3449612403100775,-0.17056671000048146,0.11801242236024845,0.03875968992248062,-0.07925273243776783
Intel Corporation_Earnings Call_2025-01-30T00_00_00_English.docx,Intel,0.47761194029850745,0.2589641434262948,-0.21864779687221264,0.07960199004975124,0.08764940239043825,0.00804741234068701
International Business Machines Corporation_Earnings Call_2021-04-19T00_00_00_English.docx,IBM,0.5546218487394958,0.33458646616541354,-0.22003538257408228,0.03361344537815126,0.045112781954887216,0.011499336576735956
International Business Machines Corporation_Earnings Call_2021-07-19T00_00_00_English.docx,IBM,0.525096525096525,0.32057416267942584,-0.2045223624170992,0.04633204633204633,0.05263157894736842,0.0062995326153220885
International Business Machines Corporation_Earnings Call_2021-10-20T00_00_00_English.docx,IBM,0.45491803278688525,0.34841628959276016,-0.10650174319412509,0.06967213114754098,0.07239819004524888,0.0027260588977078976
International Business Machines Corporation_Earnings Call_2022-01-24T00_00_00_English.docx,IBM,0.5132075471698113,0.2125,-0.3007075471698113,0.03773584905660377,0.05,0.01226415094339623
International Business Machines Corporation_Earnings Call_2022-04-19T00_00_00_English.docx,IBM,0.5454545454545454,0.30416666666666664,-0.24128787878787877,0.05627705627705628,0.06666666666666667,0.010389610389610386
International Business Machines Corporation_Earnings Call_2022-07-18T00_00_00_English.docx,IBM,0.5221238938053098,0.3125,-0.20962389380530977,0.07079646017699115,0.07211538461538461,0.0013189244383934595
International Business Machines Corporation_Earnings Call_2022-10-19T00_00_00_English.docx,IBM,0.583732057416268,0.32098765432098764,-0.26274440309528035,0.028708133971291867,0.04938271604938271,0.020674582078090847
International Business Machines Corporation_Earnings Call_2023-01-25T00_00_00_English.docx,IBM,0.5650406504065041,0.3444976076555024,-0.22054304275100167,0.056910569105691054,0.06698564593301436,0.010075076827323302
International Business Machines Corporation_Earnings Call_2023-04-19T00_00_00_English.docx,IBM,0.53,0.24888888888888888,-0.28111111111111114,0.085,0.10222222222222223,0.017222222222222222
International Business Machines Corporation_Earnings Call_2023-07-19T00_00_00_English.docx,IBM,0.5396825396825397,0.29927007299270075,-0.2404124666898389,0.1111111111111111,0.043795620437956206,-0.0673154906731549
International Business Machines Corporation_Earnings Call_2023-10-25T00_00_00_English.docx,IBM,0.6217616580310881,0.31390134529147984,-0.30786031273960823,0.07253886010362694,0.05829596412556054,-0.014242895978066397
International Business Machines Corporation_Earnings Call_2024-01-24T00_00_00_English.docx,IBM,0.5889830508474576,0.3486238532110092,-0.24035919763644842,0.046610169491525424,0.027522935779816515,-0.01908723371170891
International Business Machines Corporation_Earnings Call_2024-04-24T00_00_00_English.docx,IBM,0.543778801843318,0.4320388349514563,-0.11173996689186166,0.041474654377880185,0.038834951456310676,-0.002639702921569509
International Business Machines Corporation_Earnings Call_2024-07-24T00_00_00_English.docx,IBM,0.6413043478260869,0.29707112970711297,-0.34423321811897395,0.03260869565217391,0.02510460251046025,-0.0075040931417136615
International Business Machines Corporation_Earnings Call_2024-10-23T00_00_00_English.docx,IBM,0.5344827586206896,0.32065217391304346,-0.21383058470764615,0.10344827586206896,0.04891304347826087,-0.05453523238380809
International Business Machines Corporation_Earnings Call_2025-01-29T00_00_00_English.docx,IBM,0.6416184971098265,0.3829787234042553,-0.25863977370557123,0.06358381502890173,0.014184397163120567,-0.04939941786578116
"Lyft, Inc._Earnings Call_2021-05-04T00_00_00_English.docx",Lyft,0.47413793103448276,0.27884615384615385,-0.1952917771883289,0.10775862068965517,0.0625,-0.045258620689655166
"Lyft, Inc._Earnings Call_2021-08-03T00_00_00_English.docx",Lyft,0.5296610169491526,0.36160714285714285,-0.16805387409200973,0.08898305084745763,0.03125,-0.057733050847457626
"Lyft, Inc._Earnings Call_2021-11-02T00_00_00_English.docx",Lyft,0.4734042553191489,0.3253424657534247,-0.14806178956572424,0.09574468085106383,0.07876712328767123,-0.0169775575633926
"Lyft, Inc._Earnings Call_2022-02-08T00_00_00_English.docx",Lyft,0.45789473684210524,0.36036036036036034,-0.0975343764817449,0.12105263157894737,0.0945945945945946,-0.02645803698435277
"Lyft, Inc._Earnings Call_2022-05-03T00_00_00_English.docx",Lyft,0.45,0.2785388127853881,-0.1714611872146119,0.09444444444444444,0.0593607305936073,-0.03508371385083714
"Lyft, Inc._Earnings Call_2022-08-04T00_00_00_English.docx",Lyft,0.46464646464646464,0.3127962085308057,-0.15185025611565894,0.11616161616161616,0.11848341232227488,0.0023217961606587234
"Lyft, Inc._Earnings Call_2022-11-07T00_00_00_English.docx",Lyft,0.4,0.3333333333333333,-0.06666666666666671,0.08,0.044444444444444446,-0.035555555555555556
"Lyft, Inc._Earnings Call_2023-02-09T00_00_00_English.docx",Lyft,0.37433155080213903,0.29381443298969073,-0.0805171178124483,0.1443850267379679,0.06701030927835051,-0.0773747174596174
"Lyft, Inc._Earnings Call_2023-05-04T00_00_00_English.docx",Lyft,0.41007194244604317,0.2,-0.21007194244604316,0.07194244604316546,0.05909090909090909,-0.012851536952256375
"Lyft, Inc._Earnings Call_2023-08-08T00_00_00_English.docx",Lyft,0.4755244755244755,0.22950819672131148,-0.24601627880316404,0.055944055944055944,0.03278688524590164,-0.023157170698154303
"Lyft, Inc._Earnings Call_2023-11-08T00_00_00_English.docx",Lyft,0.45517241379310347,0.2945945945945946,-0.1605778191985089,0.013793103448275862,0.021621621621621623,0.007828518173345761
"Lyft, Inc._Earnings Call_2024-02-13T00_00_00_English.docx",Lyft,0.5352112676056338,0.3129973474801061,-0.22221392012552765,0.007042253521126761,0.026525198938992044,0.019482945417865282
"Lyft, Inc._Earnings Call_2024-05-07T00_00_00_English.docx",Lyft,0.541095890410959,0.2606516290726817,-0.28044426133827727,0.0136986301369863,0.02756892230576441,0.013870292168778109
"Lyft, Inc._Earnings Call_2024-08-07T00_00_00_English.docx",Lyft,0.5223880597014925,0.2868632707774799,-0.23552478892401257,0.022388059701492536,0.029490616621983913,0.007102556920491377
"Lyft, Inc._Earnings Call_2024-11-06T00_00_00_English.docx",Lyft,0.41935483870967744,0.2222222222222222,-0.19713261648745523,0.03225806451612903,0.03523035230352303,0.0029722877873940012
"Lyft, Inc._Earnings Call_2025-02-11T00_00_00_English.docx",Lyft,0.5294117647058824,0.2692307692307692,-0.26018099547511314,0.026143790849673203,0.027149321266968326,0.001005530417295123
"Meta Platforms, Inc._Earnings Call_2021-04-28T00_00_00_English.docx",Meta,0.375,0.3181818181818182,-0.05681818181818182,0.046296296296296294,0.07851239669421488,0.032216100397918584
"Meta Platforms, Inc._Earnings Call_2021-07-28T00_00_00_English.docx",Meta,0.34080717488789236,0.3080168776371308,-0.032790297250761546,0.04484304932735426,0.04219409282700422,-0.00264895650035004
"Meta Platforms, Inc._Earnings Call_2021-10-25T00_00_00_English.docx",Meta,0.35135135135135137,0.22748815165876776,-0.12386319969258361,0.1036036036036036,0.09004739336492891,-0.01355621023867469
"Meta Platforms, Inc._Earnings Call_2022-02-02T00_00_00_English.docx",Meta,0.3659574468085106,0.2048780487804878,-0.16107939802802282,0.11914893617021277,0.13170731707317074,0.012558380902957966
"Meta Platforms, Inc._Earnings Call_2022-04-27T00_00_00_English.docx",Meta,0.3910891089108911,0.27053140096618356,-0.12055770794470755,0.13366336633663367,0.13043478260869565,-0.0032285837279380225
"Meta Platforms, Inc._Earnings Call_2022-07-27T00_00_00_English.docx",Meta,0.38524590163934425,0.3105022831050228,-0.07474361853432143,0.13934426229508196,0.091324200913242,-0.04802006138183995
"Meta Platforms, Inc._Earnings Call_2022-10-26T00_00_00_English.docx",Meta,0.328042328042328,0.3096446700507614,-0.01839765799156662,0.1164021164021164,0.06091370558375635,-0.05548841081836005
"Meta Platforms, Inc._Earnings Call_2023-02-01T00_00_00_English.docx",Meta,0.3888888888888889,0.2689075630252101,-0.11998132586367882,0.11666666666666667,0.08823529411764706,-0.028431372549019604
"Meta Platforms, Inc._Earnings Call_2023-04-26T00_00_00_English.docx",Meta,0.4656084656084656,0.38764044943820225,-0.07796801617026333,0.06349206349206349,0.033707865168539325,-0.029784198323524164
"Meta Platforms, Inc._Earnings Call_2023-07-26T00_00_00_English.docx",Meta,0.4307692307692308,0.26394052044609667,-0.16682871032313412,0.08205128205128205,0.08921933085501858,0.007168048803736532
"Meta Platforms, Inc._Earnings Call_2023-10-25T00_00_00_English.docx",Meta,0.4,0.375609756097561,-0.024390243902439046,0.07111111111111111,0.05365853658536585,-0.01745257452574526
"Meta Platforms, Inc._Earnings Call_2024-02-01T00_00_00_English.docx",Meta,0.4314516129032258,0.3090909090909091,-0.12236070381231673,0.06451612903225806,0.024242424242424242,-0.04027370478983382
"Meta Platforms, Inc._Earnings Call_2024-04-24T00_00_00_English.docx",Meta,0.455026455026455,0.43529411764705883,-0.01973233737939617,0.042328042328042326,0.023529411764705882,-0.018798630563336444
"Meta Platforms, Inc._Earnings Call_2024-07-31T00_00_00_English.docx",Meta,0.5047619047619047,0.4166666666666667,-0.08809523809523806,0.0380952380952381,0.016666666666666666,-0.021428571428571432
"Meta Platforms, Inc._Earnings Call_2024-10-30T00_00_00_English.docx",Meta,0.44623655913978494,0.3825136612021858,-0.06372289793759917,0.03763440860215054,0.0,-0.03763440860215054
"Meta Platforms, Inc._Earnings Call_2025-01-29T00_00_00_English.docx",Meta,0.45685279187817257,0.3251231527093596,-0.13172963916881297,0.03553299492385787,0.029556650246305417,-0.005976344677552453
Microsoft Corporation_Earnings Call_2020-10-27T00_00_00_English.docx,Microsoft,0.44813278008298757,0.34265734265734266,-0.10547543742564491,0.08298755186721991,0.027972027972027972,-0.055015523895191945
Microsoft Corporation_Earnings Call_2021-01-26T00_00_00_English.docx,Microsoft,0.5991735537190083,0.36363636363636365,-0.23553719008264462,0.024793388429752067,0.01818181818181818,-0.006611570247933886
Microsoft Corporation_Earnings Call_2021-04-27T00_00_00_English.docx,Microsoft,0.616,0.33613445378151263,-0.27986554621848736,0.048,0.008403361344537815,-0.03959663865546219
Microsoft Corporation_Earnings Call_2021-07-27T00_00_00_English.docx,Microsoft,0.5375939849624061,0.32653061224489793,-0.21106337271750814,0.041353383458646614,0.01020408163265306,-0.031149301825993556
Microsoft Corporation_Earnings Call_2021-10-26T00_00_00_English.docx,Microsoft,0.4828897338403042,0.33070866141732286,-0.15218107242298134,0.06844106463878327,0.05511811023622047,-0.0133229544025628
Microsoft Corporation_Earnings Call_2022-01-25T00_00_00_English.docx,Microsoft,0.5615384615384615,0.36923076923076925,-0.1923076923076923,0.057692307692307696,0.046153846153846156,-0.011538461538461539
Microsoft Corporation_Earnings Call_2022-04-26T00_00_00_English.docx,Microsoft,0.4740740740740741,0.2857142857142857,-0.1883597883597884,0.12222222222222222,0.027210884353741496,-0.09501133786848072
Microsoft Corporation_Earnings Call_2022-07-26T00_00_00_English.docx,Microsoft,0.4166666666666667,0.23636363636363636,-0.18030303030303033,0.15625,0.09090909090909091,-0.06534090909090909
Microsoft Corporation_Earnings Call_2022-10-25T00_00_00_English.docx,Microsoft,0.4716981132075472,0.3591549295774648,-0.11254318363008237,0.14339622641509434,0.04225352112676056,-0.10114270528833377
Microsoft Corporation_Earnings Call_2023-01-24T00_00_00_English.docx,Microsoft,0.3992932862190813,0.2689075630252101,-0.1303857231938712,0.19081272084805653,0.04201680672268908,-0.14879591412536747
Microsoft Corporation_Earnings Call_2023-04-25T00_00_00_English.docx,Microsoft,0.5192307692307693,0.37383177570093457,-0.1453989935298347,0.08846153846153847,0.0,-0.08846153846153847
Microsoft Corporation_Earnings Call_2023-07-25T00_00_00_English.docx,Microsoft,0.49049429657794674,0.23780487804878048,-0.25268941852916627,0.08365019011406843,0.018292682926829267,-0.06535750718723916
Microsoft Corporation_Earnings Call_2023-10-24T00_00_00_English.docx,Microsoft,0.4777777777777778,0.359375,-0.1184027777777778,0.05185185185185185,0.0078125,-0.04403935185185185
Microsoft Corporation_Earnings Call_2024-01-30T00_00_00_English.docx,Microsoft,0.5285171102661597,0.20348837209302326,-0.3250287381731364,0.057034220532319393,0.023255813953488372,-0.03377840657883102
Microsoft Corporation_Earnings Call_2024-04-25T00_00_00_English.docx,Microsoft,0.549407114624506,0.23636363636363636,-0.31304347826086965,0.1067193675889328,0.012121212121212121,-0.09459815546772068
Microsoft Corporation_Earnings Call_2024-07-30T00_00_00_English.docx,Microsoft,0.5019607843137255,0.23404255319148937,-0.2679182311222361,0.10196078431372549,0.028368794326241134,-0.07359198998748435
"PayPal Holdings, Inc._Earnings Call_2021-05-05T00_00_00_English.docx",PayPal,0.5634517766497462,0.34782608695652173,-0.2156256896932245,0.09137055837563451,0.07246376811594203,-0.018906790259692483
"PayPal Holdings, Inc._Earnings Call_2021-07-28T00_00_00_English.docx",PayPal,0.4919786096256685,0.3870967741935484,-0.1048818354321201,0.1443850267379679,0.04608294930875576,-0.09830207742921215
"PayPal Holdings, Inc._Earnings Call_2021-11-08T00_00_00_English.docx",PayPal,0.4723618090452261,0.33816425120772947,-0.13419755783749665,0.16080402010050251,0.057971014492753624,-0.10283300560774888
"PayPal Holdings, Inc._Earnings Call_2022-02-01T00_00_00_English.docx",PayPal,0.4511627906976744,0.3492063492063492,-0.10195644149132521,0.15348837209302327,0.07407407407407407,-0.0794142980189492
"PayPal Holdings, Inc._Earnings Call_2022-04-27T00_00_00_English.docx",PayPal,0.45081967213114754,0.2676767676767677,-0.18314290445437986,0.09836065573770492,0.09090909090909091,-0.007451564828614005
"PayPal Holdings, Inc._Earnings Call_2022-08-02T00_00_00_English.docx",PayPal,0.5407725321888412,0.3292181069958848,-0.21155442519295647,0.07296137339055794,0.053497942386831275,-0.019463431003726668
"PayPal Holdings, Inc._Earnings Call_2022-11-03T00_00_00_English.docx",PayPal,0.6027397260273972,0.42245989304812837,-0.18027983297926886,0.0867579908675799,0.09090909090909091,0.004151100041511008
"PayPal Holdings, Inc._Earnings Call_2023-02-09T00_00_00_English.docx",PayPal,0.5522388059701493,0.3133047210300429,-0.23893408494010637,0.06965174129353234,0.04721030042918455,-0.022441440864347788
"PayPal Holdings, Inc._Earnings Call_2023-05-08T00_00_00_English.docx",PayPal,0.65,0.4352517985611511,-0.21474820143884893,0.03125,0.0683453237410072,0.0370953237410072
"PayPal Holdings, Inc._Earnings Call_2023-08-02T00_00_00_English.docx",PayPal,0.6645161290322581,0.4973821989528796,-0.1671339300793785,0.1032258064516129,0.041884816753926704,-0.0613409896976862
"PayPal Holdings, Inc._Earnings Call_2023-11-01T00_00_00_English.docx",PayPal,0.44609665427509293,0.4339622641509434,-0.012134390124149519,0.11524163568773234,0.0660377358490566,-0.049203899838675735
"PayPal Holdings, Inc._Earnings Call_2024-02-07T00_00_00_English.docx",PayPal,0.5515695067264574,0.3125,-0.23906950672645744,0.07174887892376682,0.0763888888888889,0.00464000996512208
"PayPal Holdings, Inc._Earnings Call_2024-04-30T00_00_00_English.docx",PayPal,0.5333333333333333,0.3722943722943723,-0.16103896103896104,0.06153846153846154,0.06060606060606061,-0.0009324009324009341
"PayPal Holdings, Inc._Earnings Call_2024-07-30T00_00_00_English.docx",PayPal,0.6789473684210526,0.3674418604651163,-0.31150550795593634,0.02631578947368421,0.027906976744186046,0.001591187270501837
"PayPal Holdings, Inc._Earnings Call_2024-10-29T00_00_00_English.docx",PayPal,0.6373626373626373,0.4377358490566038,-0.19962678830603353,0.038461538461538464,0.011320754716981131,-0.027140783744557334
"PayPal Holdings, Inc._Earnings Call_2025-02-04T00_00_00_English.docx",PayPal,0.6338028169014085,0.36492890995260663,-0.26887390694880187,0.03755868544600939,0.052132701421800945,0.014574015975791554
SAP SE_Earnings Call_2021-04-22T00_00_00_English.docx,SAP,0.5263157894736842,0.2748091603053435,-0.25150662916834066,0.07894736842105263,0.022900763358778626,-0.056046605062274005
SAP SE_Earnings Call_2021-07-21T00_00_00_English.docx,SAP,0.524390243902439,0.3759124087591241,-0.14847783514331497,0.054878048780487805,0.040145985401459854,-0.014732063379027951
SAP SE_Earnings Call_2021-10-21T00_00_00_English.docx,SAP,0.5674157303370787,0.2947019867549669,-0.2727137435821118,0.0898876404494382,0.046357615894039736,-0.043530024555398464
SAP SE_Earnings Call_2022-01-27T00_00_00_English.docx,SAP,0.6011560693641619,0.32673267326732675,-0.27442339609683514,0.028901734104046242,0.052805280528052806,0.023903546424006564
SAP SE_Earnings Call_2022-04-22T00_00_00_English.docx,SAP,0.48295454545454547,0.32996632996632996,-0.1529882154882155,0.0625,0.08080808080808081,0.018308080808080815
SAP SE_Earnings Call_2022-07-21T00_00_00_English.docx,SAP,0.54375,0.33980582524271846,-0.2039441747572815,0.075,0.05825242718446602,-0.016747572815533976
SAP SE_Earnings Call_2022-10-25T00_00_00_English.docx,SAP,0.5190839694656488,0.3169811320754717,-0.20210283739017715,0.06870229007633588,0.06792452830188679,-0.00077776177444909
SAP SE_Earnings Call_2023-01-26T00_00_00_English.docx,SAP,0.5432098765432098,0.326271186440678,-0.21693869010253186,0.04938271604938271,0.06779661016949153,0.018413894120108812
SAP SE_Earnings Call_2023-04-21T00_00_00_English.docx,SAP,0.4647887323943662,0.32751091703056767,-0.13727781536379852,0.02112676056338028,0.021834061135371178,0.0007073005719908966
SAP SE_Earnings Call_2023-07-20T00_00_00_English.docx,SAP,0.4794520547945205,0.33112582781456956,-0.14832622697995096,0.02054794520547945,0.09271523178807947,0.07216728658260002
SAP SE_Earnings Call_2023-10-18T00_00_00_English.docx,SAP,0.5620437956204379,0.2595419847328244,-0.3025018108876135,0.021897810218978103,0.07251908396946564,0.05062127375048754
SAP SE_Earnings Call_2024-01-24T00_00_00_English.docx,SAP,0.5347593582887701,0.3287037037037037,-0.20605565458506636,0.0106951871657754,0.06018518518518518,0.04948999801940978
SAP SE_Earnings Call_2024-04-22T00_00_00_English.docx,SAP,0.5,0.2779783393501805,-0.22202166064981949,0.03424657534246575,0.032490974729241874,-0.0017556006132238774
SAP SE_Earnings Call_2024-07-22T00_00_00_English.docx,SAP,0.5095541401273885,0.2509090909090909,-0.2586450492182976,0.01910828025477707,0.04,0.02089171974522293
SAP SE_Earnings Call_2024-10-21T00_00_00_English.docx,SAP,0.5302013422818792,0.32131147540983607,-0.20888986687204314,0.006711409395973154,0.08524590163934426,0.0785344922433711
SAP SE_Earnings Call_2025-01-28T00_00_00_English.docx,SAP,0.48095238095238096,0.3142857142857143,-0.16666666666666669,0.03333333333333333,0.05714285714285714,0.023809523809523808
"Salesforce, Inc._Earnings Call_2020-05-28T00_00_00_English.docx",Salesforce,0.3633217993079585,0.3969849246231156,0.03366312531515708,0.0726643598615917,0.03015075376884422,-0.04251360609274748
"Salesforce, Inc._Earnings Call_2020-08-25T00_00_00_English.docx",Salesforce,0.4909090909090909,0.30845771144278605,-0.18245137946630485,0.06363636363636363,0.03980099502487562,-0.02383536861148801
"Salesforce, Inc._Earnings Call_2020-12-01T00_00_00_English.docx",Salesforce,0.4180602006688963,0.38197424892703863,-0.03608595174185769,0.023411371237458192,0.04721030042918455,0.02379892919172636
"Salesforce, Inc._Earnings Call_2021-02-25T00_00_00_English.docx",Salesforce,0.48186528497409326,0.3651685393258427,-0.11669674564825055,0.046632124352331605,0.016853932584269662,-0.029778191768061943
"Salesforce, Inc._Earnings Call_2021-05-27T00_00_00_English.docx",Salesforce,0.46179401993355484,0.35398230088495575,-0.1078117190485991,0.036544850498338874,0.02654867256637168,-0.009996177931967193
"Salesforce, Inc._Earnings Call_2021-08-25T00_00_00_English.docx",Salesforce,0.5016722408026756,0.3232758620689655,-0.17839637873371006,0.04013377926421405,0.03879310344827586,-0.0013406758159381846
"Salesforce, Inc._Earnings Call_2021-11-30T00_00_00_English.docx",Salesforce,0.46017699115044247,0.36363636363636365,-0.09654062751407883,0.05309734513274336,0.022727272727272728,-0.030370072405470634
"Salesforce, Inc._Earnings Call_2022-03-01T00_00_00_English.docx",Salesforce,0.44984802431610943,0.28125,-0.16859802431610943,0.04559270516717325,0.036458333333333336,-0.009134371833839916
"Salesforce, Inc._Earnings Call_2022-05-31T00_00_00_English.docx",Salesforce,0.5458715596330275,0.3348623853211009,-0.21100917431192656,0.06880733944954129,0.03211009174311927,-0.03669724770642202
"Salesforce, Inc._Earnings Call_2022-08-24T00_00_00_English.docx",Salesforce,0.45789473684210524,0.3153846153846154,-0.14251012145748987,0.1,0.038461538461538464,-0.06153846153846154
"Salesforce, Inc._Earnings Call_2022-11-30T00_00_00_English.docx",Salesforce,0.4664179104477612,0.3238095238095238,-0.14260838663823738,0.11567164179104478,0.05238095238095238,-0.06329068941009239
"Salesforce, Inc._Earnings Call_2023-03-01T00_00_00_English.docx",Salesforce,0.5650224215246636,0.3821138211382114,-0.18290860038645224,0.05829596412556054,0.06097560975609756,0.0026796456305370198
"Salesforce, Inc._Earnings Call_2023-05-31T00_00_00_English.docx",Salesforce,0.527363184079602,0.2847222222222222,-0.24264096185737982,0.04975124378109453,0.059027777777777776,0.009276533996683246
"Salesforce, Inc._Earnings Call_2023-08-30T00_00_00_English.docx",Salesforce,0.49244712990936557,0.4147727272727273,-0.07767440263663827,0.03625377643504532,0.022727272727272728,-0.013526503707772593
"Salesforce, Inc._Earnings Call_2023-11-29T00_00_00_English.docx",Salesforce,0.5131578947368421,0.32661290322580644,-0.1865449915110357,0.04276315789473684,0.056451612903225805,0.013688455008488962
"Salesforce, Inc._Earnings Call_2024-02-28T00_00_00_English.docx",Salesforce,0.425,0.304,-0.121,0.02727272727272727,0.04,0.01272727272727273
Shopify Inc._Earnings Call_2021-04-28T00_00_00_English.docx,Shopify,0.5423728813559322,0.3131868131868132,-0.22918606816911902,0.022598870056497175,0.038461538461538464,0.01586266840504129
Shopify Inc._Earnings Call_2021-07-28T00_00_00_English.docx,Shopify,0.539568345323741,0.3488372093023256,-0.1907311360214154,0.007194244604316547,0.027906976744186046,0.0207127321398695
Shopify Inc._Earnings Call_2021-10-28T00_00_00_English.docx,Shopify,0.5481927710843374,0.4083769633507853,-0.13981580773355207,0.04819277108433735,0.031413612565445025,-0.016779158518892327
Shopify Inc._Earnings Call_2022-02-16T00_00_00_English.docx,Shopify,0.5714285714285714,0.4536082474226804,-0.11782032400589099,0.041474654377880185,0.020618556701030927,-0.020856097676849258
Shopify Inc._Earnings Call_2022-05-05T00_00_00_English.docx,Shopify,0.5555555555555556,0.3201754385964912,-0.23538011695906436,0.06535947712418301,0.05701754385964912,-0.00834193326453389
Shopify Inc._Earnings Call_2022-07-27T00_00_00_English.docx,Shopify,0.470873786407767,0.2787878787878788,-0.1920859076198882,0.1262135922330097,0.006060606060606061,-0.12015298617240365
Shopify Inc._Earnings Call_2022-10-27T00_00_00_English.docx,Shopify,0.39748953974895396,0.33152173913043476,-0.0659678006185192,0.058577405857740586,0.021739130434782608,-0.03683827542295798
Shopify Inc._Earnings Call_2023-02-15T00_00_00_English.docx,Shopify,0.5714285714285714,0.3372093023255814,-0.23421926910299,0.044642857142857144,0.040697674418604654,-0.00394518272425249
Shopify Inc._Earnings Call_2023-05-04T00_00_00_English.docx,Shopify,0.5025380710659898,0.3080568720379147,-0.1944811990280751,0.04060913705583756,0.03317535545023697,-0.007433781605600591
Shopify Inc._Earnings Call_2023-08-02T00_00_00_English.docx,Shopify,0.6150442477876106,0.375,-0.24004424778761058,0.04424778761061947,0.0,-0.04424778761061947
Shopify Inc._Earnings Call_2023-11-02T00_00_00_English.docx,Shopify,0.5844748858447488,0.28270042194092826,-0.30177446390382057,0.045662100456621,0.02109704641350211,-0.024565054043118893
Shopify Inc._Earnings Call_2024-02-13T00_00_00_English.docx,Shopify,0.5946969696969697,0.3793103448275862,-0.21538662486938354,0.026515151515151516,0.0049261083743842365,-0.02158904314076728
Shopify Inc._Earnings Call_2024-05-08T00_00_00_English.docx,Shopify,0.5116279069767442,0.3482142857142857,-0.1634136212624585,0.046511627906976744,0.017857142857142856,-0.028654485049833887
Shopify Inc._Earnings Call_2024-08-07T00_00_00_English.docx,Shopify,0.5641025641025641,0.2926829268292683,-0.2714196372732958,0.05555555555555555,0.04390243902439024,-0.011653116531165311
Shopify Inc._Earnings Call_2024-11-12T00_00_00_English.docx,Shopify,0.5364806866952789,0.26556016597510373,-0.2709205207201752,0.055793991416309016,0.02074688796680498,-0.03504710344950404
Shopify Inc._Earnings Call_2025-02-11T00_00_00_English.docx,Shopify,0.6,0.3417085427135678,-0.25829145728643216,0.025454545454545455,0.01507537688442211,-0.010379168570123345
Snap Inc._Earnings Call_2021-04-22T00_00_00_English.docx,Snap,0.7377049180327869,0.5392670157068062,-0.1984379023259807,0.03825136612021858,0.03664921465968586,-0.0016021514605327192
Snap Inc._Earnings Call_2021-07-22T00_00_00_English.docx,Snap,0.5888324873096447,0.3699421965317919,-0.21889029077785277,0.06598984771573604,0.017341040462427744,-0.0486488072533083
Snap Inc._Earnings Call_2021-10-21T00_00_00_English.docx,Snap,0.5505050505050505,0.3142857142857143,-0.23621933621933622,0.13131313131313133,0.12571428571428572,-0.005598845598845603
Snap Inc._Earnings Call_2022-02-03T00_00_00_English.docx,Snap,0.6412556053811659,0.3712574850299401,-0.2699981203512258,0.06278026905829596,0.10179640718562874,0.039016138127332775
Snap Inc._Earnings Call_2022-04-21T00_00_00_English.docx,Snap,0.6218905472636815,0.34782608695652173,-0.2740644603071598,0.08955223880597014,0.08074534161490683,-0.008806897191063312
Snap Inc._Earnings Call_2022-10-20T00_00_00_English.docx,Snap,0.5833333333333334,0.4791666666666667,-0.10416666666666669,0.020833333333333332,0.09027777777777778,0.06944444444444445
Snap Inc._Earnings Call_2023-01-31T00_00_00_English.docx,Snap,0.4411764705882353,0.4713375796178344,0.03016110902959912,0.058823529411764705,0.06369426751592357,0.0048707381041588615
Snap Inc._Earnings Call_2023-04-27T00_00_00_English.docx,Snap,0.55,0.41353383458646614,-0.1364661654135339,0.05,0.08270676691729323,0.032706766917293226
Snap Inc._Earnings Call_2023-07-25T00_00_00_English.docx,Snap,0.45454545454545453,0.4550561797752809,0.0005107252298263698,0.030303030303030304,0.0449438202247191,0.014640789921688796
Snap Inc._Earnings Call_2023-10-24T00_00_00_English.docx,Snap,0.41935483870967744,0.5328947368421053,0.11353989813242787,0.0,0.02631578947368421,0.02631578947368421
Snap Inc._Earnings Call_2024-02-06T00_00_00_English.docx,Snap,0.45161290322580644,0.48120300751879697,0.029590104292990527,0.0,0.08270676691729323,0.08270676691729323
Snap Inc._Earnings Call_2024-04-25T00_00_00_English.docx,Snap,0.5357142857142857,0.5251798561151079,-0.01053442959917783,0.08035714285714286,0.0,-0.08035714285714286
Snap Inc._Earnings Call_2024-08-01T00_00_00_English.docx,Snap,0.5915492957746479,0.5369127516778524,-0.054636544096795525,0.056338028169014086,0.053691275167785234,-0.002646753001228852
Snap Inc._Earnings Call_2024-10-29T00_00_00_English.docx,Snap,0.5684931506849316,0.4636363636363636,-0.10485678704856793,0.0821917808219178,0.06363636363636363,-0.018555417185554174
Snap Inc._Earnings Call_2025-02-04T00_00_00_English.docx,Snap,0.625,0.4444444444444444,-0.18055555555555558,0.02631578947368421,0.018518518518518517,-0.007797270955165692
Spotify Technology S.A._Earnings Call_2021-04-28T00_00_00_English.docx,Spotify,0.4861111111111111,0.4230769230769231,-0.06303418803418803,0.041666666666666664,0.029914529914529916,-0.011752136752136749
Spotify Technology S.A._Earnings Call_2021-07-28T00_00_00_English.docx,Spotify,0.39285714285714285,0.36713286713286714,-0.025724275724275714,0.14285714285714285,0.04195804195804196,-0.1008991008991009
Spotify Technology S.A._Earnings Call_2021-10-27T00_00_00_English.docx,Spotify,0.4925373134328358,0.44964028776978415,-0.04289702566305165,0.0,0.03237410071942446,0.03237410071942446
Spotify Technology S.A._Earnings Call_2022-02-02T00_00_00_English.docx,Spotify,0.41836734693877553,0.30194805194805197,-0.11641929499072357,0.05102040816326531,0.03896103896103896,-0.012059369202226347
Spotify Technology S.A._Earnings Call_2022-04-27T00_00_00_English.docx,Spotify,0.4827586206896552,0.3835616438356164,-0.09919697685403878,0.022988505747126436,0.03424657534246575,0.011258069595339315
Spotify Technology S.A._Earnings Call_2022-07-27T00_00_00_English.docx,Spotify,0.4,0.29432624113475175,-0.10567375886524827,0.1,0.04609929078014184,-0.053900709219858164
Spotify Technology S.A._Earnings Call_2022-10-25T00_00_00_English.docx,Spotify,0.32142857142857145,0.31679389312977096,-0.0046346782988004875,0.15178571428571427,0.06870229007633588,-0.08308342420937839
Spotify Technology S.A._Earnings Call_2023-01-31T00_00_00_English.docx,Spotify,0.391304347826087,0.4307116104868914,0.03940726266080441,0.10144927536231885,0.04868913857677903,-0.05276013678553982
Spotify Technology S.A._Earnings Call_2023-04-25T00_00_00_English.docx,Spotify,0.525,0.34980988593155893,-0.1751901140684411,0.05,0.07604562737642585,0.02604562737642585
Spotify Technology S.A._Earnings Call_2023-07-25T00_00_00_English.docx,Spotify,0.5277777777777778,0.3929712460063898,-0.13480653177138802,0.05555555555555555,0.04792332268370607,-0.007632232871849484
Spotify Technology S.A._Earnings Call_2023-10-24T00_00_00_English.docx,Spotify,0.5396825396825397,0.44785276073619634,-0.09182977894634331,0.047619047619047616,0.027607361963190184,-0.020011685655857432
Spotify Technology S.A._Earnings Call_2024-02-06T00_00_00_English.docx,Spotify,0.525,0.3710247349823322,-0.15397526501766784,0.025,0.04946996466431095,0.02446996466431095
Spotify Technology S.A._Earnings Call_2024-04-23T00_00_00_English.docx,Spotify,0.4507042253521127,0.4,-0.050704225352112664,0.08450704225352113,0.02857142857142857,-0.05593561368209256
Spotify Technology S.A._Earnings Call_2024-07-23T00_00_00_English.docx,Spotify,0.4431818181818182,0.3701923076923077,-0.07298951048951047,0.056818181818181816,0.014423076923076924,-0.042395104895104896
Spotify Technology S.A._Earnings Call_2024-11-12T00_00_00_English.docx,Spotify,0.5116279069767442,0.36752136752136755,-0.14410653945537666,0.05813953488372093,0.04700854700854701,-0.011130987875173921
Spotify Technology S.A._Earnings Call_2025-02-04T00_00_00_English.docx,Spotify,0.45217391304347826,0.3548387096774194,-0.09733520336605889,0.0,0.04516129032258064,0.04516129032258064
Twilio Inc._Earnings Call_2021-05-05T00_00_00_English.docx,Twilio,0.16666666666666666,0.32682926829268294,0.16016260162601628,0.041666666666666664,0.03902439024390244,-0.0026422764227642254
Twilio Inc._Earnings Call_2021-07-29T00_00_00_English.docx,Twilio,0.2222222222222222,0.32371794871794873,0.10149572649572652,0.07407407407407407,0.016025641025641024,-0.058048433048433046
Twilio Inc._Earnings Call_2021-10-27T00_00_00_English.docx,Twilio,0.23809523809523808,0.40569395017793597,0.1675987120826979,0.09523809523809523,0.02491103202846975,-0.07032706320962548
Twilio Inc._Earnings Call_2022-02-09T00_00_00_English.docx,Twilio,0.23809523809523808,0.3171355498721228,0.0790403117768847,0.047619047619047616,0.028132992327365727,-0.01948605529168189
Twilio Inc._Earnings Call_2022-05-04T00_00_00_English.docx,Twilio,0.6363636363636364,0.2809667673716012,-0.35539686899203515,0.0,0.030211480362537766,0.030211480362537766
Twilio Inc._Earnings Call_2022-08-04T00_00_00_English.docx,Twilio,0.2857142857142857,0.33440514469453375,0.04869085898024805,0.0,0.04823151125401929,0.04823151125401929
Twilio Inc._Earnings Call_2023-02-15T00_00_00_English.docx,Twilio,0.14285714285714285,0.30848329048843187,0.16562614763128902,0.0,0.05398457583547558,0.05398457583547558
Twilio Inc._Earnings Call_2023-05-09T00_00_00_English.docx,Twilio,0.21875,0.2713864306784661,0.05263643067846607,0.09375,0.10029498525073746,0.006544985250737462
Twilio Inc._Earnings Call_2023-08-08T00_00_00_English.docx,Twilio,0.5569620253164557,0.3203125,-0.23664952531645567,0.06962025316455696,0.05078125,-0.01883900316455696
Twilio Inc._Earnings Call_2023-11-08T00_00_00_English.docx,Twilio,0.5950920245398773,0.31451612903225806,-0.28057589550761924,0.03680981595092025,0.0967741935483871,0.059964377597466846
Twilio Inc._Earnings Call_2024-02-14T00_00_00_English.docx,Twilio,0.5072463768115942,0.375,-0.13224637681159424,0.07971014492753623,0.0875,0.007789855072463769
Twilio Inc._Earnings Call_2024-05-07T00_00_00_English.docx,Twilio,0.5348837209302325,0.31390134529147984,-0.22098237563875267,0.09302325581395349,0.07174887892376682,-0.021274376890186672
Twilio Inc._Earnings Call_2024-08-01T00_00_00_English.docx,Twilio,0.6198347107438017,0.33739837398373984,-0.28243633676006186,0.05785123966942149,0.056910569105691054,-0.000940670563730435
Twilio Inc._Earnings Call_2024-10-30T00_00_00_English.docx,Twilio,0.6,0.33488372093023255,-0.2651162790697674,0.07692307692307693,0.05116279069767442,-0.02576028622540251
Twilio Inc._Earnings Call_2025-02-13T00_00_00_English.docx,Twilio,0.5142857142857142,0.27956989247311825,-0.23471582181259598,0.10714285714285714,0.05017921146953405,-0.056963645673323085
"Zoom Communications, Inc._Earnings Call_2020-06-02T00_00_00_English.docx",Zoom,0.44242424242424244,0.1910828025477707,-0.25134143987647173,0.05454545454545454,0.022292993630573247,-0.03225246091488129
"Zoom Communications, Inc._Earnings Call_2020-08-31T00_00_00_English.docx",Zoom,0.445859872611465,0.2027491408934708,-0.2431107317179942,0.03821656050955414,0.044673539518900345,0.006456979009346206
"Zoom Communications, Inc._Earnings Call_2020-11-30T00_00_00_English.docx",Zoom,0.4375,0.25333333333333335,-0.18416666666666665,0.03125,0.044444444444444446,0.013194444444444446
"Zoom Communications, Inc._Earnings Call_2021-03-01T00_00_00_English.docx",Zoom,0.5066666666666667,0.24,-0.2666666666666667,0.02,0.025454545454545455,0.005454545454545455
"Zoom Communications, Inc._Earnings Call_2021-06-01T00_00_00_English.docx",Zoom,0.4452054794520548,0.25825825825825827,-0.18694722119379653,0.0136986301369863,0.021021021021021023,0.007322390884034722
"Zoom Communications, Inc._Earnings Call_2021-08-30T00_00_00_English.docx",Zoom,0.5338345864661654,0.2313167259786477,-0.3025178604875177,0.045112781954887216,0.08540925266903915,0.04029647071415193
"Zoom Communications, Inc._Earnings Call_2021-11-22T00_00_00_English.docx",Zoom,0.4666666666666667,0.2565597667638484,-0.21010689990281828,0.047619047619047616,0.026239067055393587,-0.02137998056365403
"Zoom Communications, Inc._Earnings Call_2022-02-28T00_00_00_English.docx",Zoom,0.4726027397260274,0.2507836990595611,-0.2218190406664663,0.0136986301369863,0.0219435736677116,0.008244943530725298
"Zoom Communications, Inc._Earnings Call_2022-05-23T00_00_00_English.docx",Zoom,0.4881889763779528,0.2988929889298893,-0.18929598744806347,0.03937007874015748,0.02214022140221402,-0.01722985733794346
"Zoom Communications, Inc._Earnings Call_2022-08-22T00_00_00_English.docx",Zoom,0.4041095890410959,0.313915857605178,-0.09019373143591791,0.06164383561643835,0.042071197411003236,-0.019572638205435117
"Zoom Communications, Inc._Earnings Call_2022-11-21T00_00_00_English.docx",Zoom,0.43243243243243246,0.27007299270072993,-0.16235943973170253,0.04504504504504504,0.043795620437956206,-0.0012494246070888365
"Zoom Communications, Inc._Earnings Call_2023-02-27T00_00_00_English.docx",Zoom,0.45528455284552843,0.2644927536231884,-0.19079179922234002,0.06504065040650407,0.03985507246376811,-0.02518557794273596
"Zoom Communications, Inc._Earnings Call_2023-05-22T00_00_00_English.docx",Zoom,0.48717948717948717,0.24315068493150685,-0.24402880224798032,0.05128205128205128,0.023972602739726026,-0.027309448542325254
"Zoom Communications, Inc._Earnings Call_2023-08-21T00_00_00_English.docx",Zoom,0.40336134453781514,0.3016393442622951,-0.10172200027552003,0.04201680672268908,0.029508196721311476,-0.012508610001377603
"Zoom Communications, Inc._Earnings Call_2023-11-20T00_00_00_English.docx",Zoom,0.48314606741573035,0.2958801498127341,-0.18726591760299627,0.033707865168539325,0.056179775280898875,0.02247191011235955
"Zoom Communications, Inc._Earnings Call_2024-02-26T00_00_00_English.docx",Zoom,0.5241935483870968,0.23367697594501718,-0.29051657244207957,0.04838709677419355,0.030927835051546393,-0.017459261722647154
eBay Inc._Earnings Call_2021-04-28T00_00_00_English.docx,eBay,0.5172413793103449,0.3785310734463277,-0.13871030586401717,0.034482758620689655,0.062146892655367235,0.02766413403467758
eBay Inc._Earnings Call_2021-08-11T00_00_00_English.docx,eBay,0.4528301886792453,0.37628865979381443,-0.07654152888543087,0.07169811320754717,0.030927835051546393,-0.040770278156000775
eBay Inc._Earnings Call_2021-10-27T00_00_00_English.docx,eBay,0.4816326530612245,0.31413612565445026,-0.16749652740677423,0.08571428571428572,0.020942408376963352,-0.06477187733732237
eBay Inc._Earnings Call_2022-02-23T00_00_00_English.docx,eBay,0.5317460317460317,0.3333333333333333,-0.19841269841269843,0.06746031746031746,0.07103825136612021,0.0035779339058027576
eBay Inc._Earnings Call_2022-05-04T00_00_00_English.docx,eBay,0.47478991596638653,0.32,-0.15478991596638653,0.14285714285714285,0.08,-0.06285714285714285
eBay Inc._Earnings Call_2022-08-03T00_00_00_English.docx,eBay,0.4744186046511628,0.31088082901554404,-0.16353777563561878,0.07906976744186046,0.03626943005181347,-0.042800337390046996
eBay Inc._Earnings Call_2022-11-02T00_00_00_English.docx,eBay,0.5684647302904564,0.4329268292682927,-0.13553790102216373,0.13692946058091288,0.06097560975609756,-0.07595385082481532
eBay Inc._Earnings Call_2023-02-22T00_00_00_English.docx,eBay,0.5209125475285171,0.3669064748201439,-0.15400607270837324,0.08745247148288973,0.07194244604316546,-0.015510025439724268
eBay Inc._Earnings Call_2023-04-26T00_00_00_English.docx,eBay,0.5523809523809524,0.46511627906976744,-0.08726467331118498,0.07142857142857142,0.029069767441860465,-0.04235880398671096
eBay Inc._Earnings Call_2023-07-26T00_00_00_English.docx,eBay,0.509009009009009,0.515527950310559,0.006518941301549952,0.08558558558558559,0.037267080745341616,-0.04831850484024397
eBay Inc._Earnings Call_2023-11-07T00_00_00_English.docx,eBay,0.43891402714932126,0.35,-0.08891402714932128,0.14479638009049775,0.07777777777777778,-0.06701860231271997
eBay Inc._Earnings Call_2024-02-27T00_00_00_English.docx,eBay,0.4727272727272727,0.4657534246575342,-0.0069738480697384975,0.09545454545454546,0.04794520547945205,-0.047509339975093406
eBay Inc._Earnings Call_2024-05-01T00_00_00_English.docx,eBay,0.4847161572052402,0.47368421052631576,-0.011031946678924431,0.08733624454148471,0.03759398496240601,-0.0497422595790787
eBay Inc._Earnings Call_2024-07-31T00_00_00_English.docx,eBay,0.5176991150442478,0.5185185185185185,0.0008194034742706746,0.061946902654867256,0.024691358024691357,-0.0372555446301759
eBay Inc._Earnings Call_2024-10-30T00_00_00_English.docx,eBay,0.4838709677419355,0.505,0.021129032258064506,0.05069124423963134,0.015,-0.03569124423963134
eBay Inc._Earnings Call_2025-02-26T00_00_00_English.docx,eBay,0.5129310344827587,0.5202020202020202,0.007270985719261547,0.08189655172413793,0.045454545454545456,-0.03644200626959247
