research_company,focal_layoff_date,pre_2_call_date,pre_1_call_date,post_1_call_date,post_2_call_date,positions_available,missing_positions,outer_start_boundary_used,outer_end_boundary_used,n_other_layoffs_total,n_other_layoffs_in_window,n_pre_2_to_pre_1,n_pre_1_to_focal,n_focal_to_post_1,n_post_1_to_post_2,n_on_boundary,flag_pre_2_to_pre_1,flag_pre_1_to_focal,flag_focal_to_post_1,flag_post_1_to_post_2,primary_pair_contaminated,contaminating_dates_primary,boundary_dates
Alphabet,2023-01-20,2022-07-26,2022-10-25,2023-02-02,2023-04-25,"pre_2,pre_1,post_1,post_2",,pre_2,post_2,17,0,0,0,0,0,0,0,0,0,0,0,,
Amazon,2022-11-16,2022-07-28,2022-10-27,2023-02-02,2023-04-27,"pre_2,pre_1,post_1,post_2",,pre_2,post_2,21,3,0,1,1,1,0,0,1,1,1,1,2022-10-28; 2023-01-04,
Block,2024-01-30,2023-08-03,2023-11-02,2024-02-22,2024-05-02,"pre_2,pre_1,post_1,post_2",,pre_2,post_2,3,1,1,0,0,0,0,1,0,0,0,0,,
Cisco,2024-08-09,2024-02-14,2024-05-15,2024-08-14,,"pre_2,pre_1,post_1",post_2,pre_2,post_1,5,0,0,0,0,0,1,0,0,0,0,0,,2024-02-14 (on_boundary_pre_2)
Coinbase,2022-06-14,2022-02-24,2022-05-10,2022-08-09,2022-11-03,"pre_2,pre_1,post_1,post_2",,pre_2,post_2,3,0,0,0,0,0,0,0,0,0,0,0,,
Dell,2023-02-06,2022-08-25,2022-11-21,2023-03-02,2023-06-01,"pre_2,pre_1,post_1,post_2",,pre_2,post_2,4,0,0,0,0,0,0,0,0,0,0,0,,
DocuSign,2023-02-16,2022-09-08,2022-12-08,2023-03-09,2023-06-08,"pre_2,pre_1,post_1,post_2",,pre_2,post_2,2,1,1,0,0,0,0,1,0,0,0,0,,
DoorDash,2022-11-30,2022-08-04,2022-11-03,2023-02-16,2023-05-04,"pre_2,pre_1,post_1,post_2",,pre_2,post_2,0,0,0,0,0,0,0,0,0,0,0,0,,
Dropbox,2024-10-30,2024-05-09,2024-08-08,2024-11-07,2025-02-20,"pre_2,pre_1,post_1,post_2",,pre_2,post_2,2,0,0,0,0,0,0,0,0,0,0,0,,
IBM,2023-01-25,2022-07-18,2022-10-19,2023-04-19,2023-07-19,"pre_2,pre_1,post_1,post_2",,pre_2,post_2,4,1,0,0,0,1,0,0,0,0,1,0,,
Intel,2024-08-01,2024-01-25,2024-04-25,2024-10-31,2025-01-30,"pre_2,pre_1,post_1,post_2",,pre_2,post_2,11,1,1,0,0,0,0,1,0,0,0,0,,
Lyft,2023-04-21,2022-11-07,2023-02-09,2023-05-04,2023-08-08,"pre_2,pre_1,post_1,post_2",,pre_2,post_2,4,0,0,0,0,0,0,0,0,0,0,0,,
Meta,2022-11-09,2022-07-27,2022-10-26,2023-02-01,2023-04-26,"pre_2,pre_1,post_1,post_2",,pre_2,post_2,11,1,0,0,0,1,0,0,0,0,1,0,,
Microsoft,2023-01-18,2022-07-26,2022-10-25,2023-01-24,2023-04-25,"pre_2,pre_1,post_1,post_2",,pre_2,post_2,16,1,1,0,0,0,0,1,0,0,0,0,,
PayPal,2024-01-30,2023-08-02,2023-11-01,2024-02-07,2024-04-30,"pre_2,pre_1,post_1,post_2",,pre_2,post_2,4,0,0,0,0,0,0,0,0,0,0,0,,
SAP,2024-01-23,2023-07-20,2023-10-18,2024-01-24,2024-04-22,"pre_2,pre_1,post_1,post_2",,pre_2,post_2,1,0,0,0,0,0,0,0,0,0,0,0,,
Salesforce,2023-01-04,2022-08-24,2022-11-30,2023-03-01,2023-05-31,"pre_2,pre_1,post_1,post_2",,pre_2,post_2,13,2,2,0,0,0,0,1,0,0,0,0,,
Shopify,2023-05-04,2022-10-27,2023-02-15,2023-08-02,2023-11-02,"pre_2,pre_1,post_1,post_2",,pre_2,post_2,7,0,0,0,0,0,0,0,0,0,0,0,,
Snap,2022-08-31,2022-04-21,2022-07-21,2022-10-20,2023-01-31,"pre_2,pre_1,post_1,post_2",,pre_2,post_2,4,0,0,0,0,0,0,0,0,0,0,0,,
Spotify,2023-12-04,2023-07-25,2023-10-24,2024-02-06,2024-04-23,"pre_2,pre_1,post_1,post_2",,pre_2,post_2,7,0,0,0,0,0,0,0,0,0,0,0,,
Twilio,2023-02-13,2022-05-04,2022-08-04,2023-02-15,2023-05-09,"pre_2,pre_1,post_1,post_2",,pre_2,post_2,2,1,0,1,0,0,0,0,1,0,0,1,2022-09-14,
Zoom,2023-02-07,2022-08-22,2022-11-21,2023-02-27,2023-05-22,"pre_2,pre_1,post_1,post_2",,pre_2,post_2,1,0,0,0,0,0,0,0,0,0,0,0,,
eBay,2024-01-23,2023-07-26,2023-11-07,2024-02-27,2024-05-01,"pre_2,pre_1,post_1,post_2",,pre_2,post_2,6,1,0,1,0,0,0,0,1,0,0,1,2023-12-17,
