quantity,n_firms,df,alpha,target_power,dz,method,dz_normal_approximation,normal_approx_understates_mde_by,achieved_power,observed_dz,note,communication_context,measure,paired_t_p
minimum_detectable_effect,21,20,0.05,0.8,0.6427535327560121,exact noncentral t,0.6113552668856845,0.03139826587032757,,,design property; NOT a confidence bound on the true effect,,,
minimum_detectable_effect,23,22,0.05,0.8,0.6112763746033881,exact noncentral t,0.5841701847521091,0.027106189851278994,,,design property; NOT a confidence bound on the true effect,,,
achieved_power_at_largest_observed_effect,21,20,0.05,0.8,0.354325,exact noncentral t,,,0.33967459423487995,0.354325,power at an OBSERVED effect is a function of that study's own p-value; it is not evidence about the true effect,,,
achieved_power_at_largest_observed_effect,23,22,0.05,0.8,0.354325,exact noncentral t,,,0.3690773630990392,0.354325,power at an OBSERVED effect is a function of that study's own p-value; it is not evidence about the true effect,,,
achieved_power_observed_contrast,23,22,0.05,0.8,0.3543254864269677,exact noncentral t,,,0.36907820235202254,0.3543254864269677,descriptive; see the caveat on observed-effect power,managerial_qa,lm_negative,0.1033638339053407
achieved_power_observed_contrast,23,22,0.05,0.8,0.2798819328342849,exact noncentral t,,,0.2501371906577605,0.2798819328342849,descriptive; see the caveat on observed-effect power,managerial_qa,fog_index,0.1931981613185254
achieved_power_observed_contrast,21,20,0.05,0.8,0.2090636367685502,exact noncentral t,,,0.14950810681807325,0.2090636367685502,descriptive; see the caveat on observed-effect power,prepared_management,fog_index,0.3494766611248402
achieved_power_observed_contrast,23,22,0.05,0.8,-0.1895136399032994,exact noncentral t,,,0.14012307248502587,-0.1895136399032994,descriptive; see the caveat on observed-effect power,managerial_qa,lm_uncertainty,0.3732655309086982
achieved_power_observed_contrast,21,20,0.05,0.8,0.1288887671512584,exact noncentral t,,,0.08699888195359974,0.1288887671512584,descriptive; see the caveat on observed-effect power,prepared_management,lm_positive,0.5613757288032002
achieved_power_observed_contrast,21,20,0.05,0.8,0.1280356842456299,exact noncentral t,,,0.08650255012954304,0.1280356842456299,descriptive; see the caveat on observed-effect power,prepared_management,lm_uncertainty,0.5639477547690767
achieved_power_observed_contrast,23,22,0.05,0.8,0.0349616358798926,exact noncentral t,,,0.052955468841982156,0.0349616358798926,descriptive; see the caveat on observed-effect power,managerial_qa,lm_positive,0.8683745621902638
achieved_power_observed_contrast,21,20,0.05,0.8,0.0094008969816578,exact noncentral t,,,0.05019308194703968,0.0094008969816578,descriptive; see the caveat on observed-effect power,prepared_management,lm_negative,0.966064711434384
